,suburb
406, DAWES POINT NSW 2000
407, HAYMARKET NSW 2000
408, MILLERS POINT NSW 2000
409, PARLIAMENT HOUSE NSW 2000
410, SYDNEY NSW 2000
411, SYDNEY SOUTH NSW 2000
412, THE ROCKS NSW 2000
413, SYDNEY NSW 2001
414, WORLD SQUARE NSW 2002
415, THE UNIVERSITY OF SYDNEY NSW 2006
416, BROADWAY NSW 2007
417, ULTIMO NSW 2007
418, CHIPPENDALE NSW 2008
419, DARLINGTON NSW 2008
420, PYRMONT NSW 2009
421, DARLINGHURST NSW 2010
422, SURRY HILLS NSW 2010
423, ELIZABETH BAY NSW 2011
424, HMAS KUTTABUL NSW 2011
425, POTTS POINT NSW 2011
426, RUSHCUTTERS BAY NSW 2011
427, WOOLLOOMOOLOO NSW 2011
428, STRAWBERRY HILLS NSW 2012
429, STRAWBERRY HILLS NSW 2013
430, ALEXANDRIA NSW 2015
431, BEACONSFIELD NSW 2015
432, EVELEIGH NSW 2015
433, REDFERN NSW 2016
434, WATERLOO NSW 2017
435, ZETLAND NSW 2017
436, EASTLAKES NSW 2018
437, ROSEBERY NSW 2018
438, BANKSMEADOW NSW 2019
439, BOTANY NSW 2019
440, MASCOT NSW 2020
441, SYDNEY DOMESTIC AIRPORT NSW 2020
442, SYDNEY INTERNATIONAL AIRPORT NSW 2020
443, MOORE PARK NSW 2021
444, PADDINGTON NSW 2021
445, BONDI JUNCTION NSW 2022
446, BONDI JUNCTION PLAZA NSW 2022
447, QUEENS PARK NSW 2022
448, BELLEVUE HILL NSW 2023
449, BRONTE NSW 2024
450, WAVERLEY NSW 2024
451, WOOLLAHRA NSW 2025
452, BONDI NSW 2026
453, BONDI BEACH NSW 2026
454, NORTH BONDI NSW 2026
455, TAMARAMA NSW 2026
456, DARLING POINT NSW 2027
457, EDGECLIFF NSW 2027
458, HMAS RUSHCUTTERS NSW 2027
459, POINT PIPER NSW 2027
460, DOUBLE BAY NSW 2028
461, ROSE BAY NSW 2029
462, DOVER HEIGHTS NSW 2030
463, HMAS WATSON NSW 2030
464, ROSE BAY NORTH NSW 2030
465, VAUCLUSE NSW 2030
466, WATSONS BAY NSW 2030
467, CLOVELLY NSW 2031
468, CLOVELLY WEST NSW 2031
469, RANDWICK NSW 2031
470, ST PAULS NSW 2031
471, DACEYVILLE NSW 2032
472, KINGSFORD NSW 2032
473, KENSINGTON NSW 2033
474, COOGEE NSW 2034
475, SOUTH COOGEE NSW 2034
476, MAROUBRA NSW 2035
477, MAROUBRA SOUTH NSW 2035
478, PAGEWOOD NSW 2035
479, CHIFLEY NSW 2036
480, EASTGARDENS NSW 2036
481, HILLSDALE NSW 2036
482, LA PEROUSE NSW 2036
483, LITTLE BAY NSW 2036
484, MALABAR NSW 2036
485, MATRAVILLE NSW 2036
486, PHILLIP BAY NSW 2036
487, PORT BOTANY NSW 2036
488, FOREST LODGE NSW 2037
489, GLEBE NSW 2037
490, ANNANDALE NSW 2038
491, ROZELLE NSW 2039
492, LEICHHARDT NSW 2040
493, LILYFIELD NSW 2040
494, BALMAIN NSW 2041
495, BALMAIN EAST NSW 2041
496, BIRCHGROVE NSW 2041
497, ENMORE NSW 2042
498, NEWTOWN NSW 2042
499, ERSKINEVILLE NSW 2043
500, ST PETERS NSW 2044
501, SYDENHAM NSW 2044
502, TEMPE NSW 2044
503, HABERFIELD NSW 2045
504, ABBOTSFORD NSW 2046
505, CANADA BAY NSW 2046
506, CHISWICK NSW 2046
507, FIVE DOCK NSW 2046
508, RODD POINT NSW 2046
509, RUSSELL LEA NSW 2046
510, WAREEMBA NSW 2046
511, DRUMMOYNE NSW 2047
512, STANMORE NSW 2048
513, LEWISHAM NSW 2049
514, PETERSHAM NSW 2049
515, PETERSHAM NORTH NSW 2049
516, CAMPERDOWN NSW 2050
517, MISSENDEN ROAD NSW 2050
518, UNSW SYDNEY NSW 2052
519, NORTH SYDNEY NSW 2055
520, CHATSWOOD NSW 2057
521, NORTH SYDNEY NSW 2059
522, HMAS WATERHEN NSW 2060
523, LAVENDER BAY NSW 2060
524, MCMAHONS POINT NSW 2060
525, NORTH SYDNEY NSW 2060
526, NORTH SYDNEY SHOPPINGWORLD NSW 2060
527, WAVERTON NSW 2060
528, KIRRIBILLI NSW 2061
529, MILSONS POINT NSW 2061
530, CAMMERAY NSW 2062
531, NORTHBRIDGE NSW 2063
532, ARTARMON NSW 2064
533, CROWS NEST NSW 2065
534, GREENWICH NSW 2065
535, NAREMBURN NSW 2065
536, ROYAL NORTH SHORE HOSPITAL NSW 2065
537, ST LEONARDS NSW 2065
538, WOLLSTONECRAFT NSW 2065
539, LANE COVE NSW 2066
540, LANE COVE NORTH NSW 2066
541, LANE COVE WEST NSW 2066
542, LINLEY POINT NSW 2066
543, LONGUEVILLE NSW 2066
544, NORTHWOOD NSW 2066
545, RIVERVIEW NSW 2066
546, CHATSWOOD NSW 2067
547, CHATSWOOD WEST NSW 2067
548, CASTLECRAG NSW 2068
549, MIDDLE COVE NSW 2068
550, NORTH WILLOUGHBY NSW 2068
551, WILLOUGHBY NSW 2068
552, WILLOUGHBY EAST NSW 2068
553, WILLOUGHBY NORTH NSW 2068
554, CASTLE COVE NSW 2069
555, ROSEVILLE NSW 2069
556, ROSEVILLE CHASE NSW 2069
557, EAST LINDFIELD NSW 2070
558, LINDFIELD NSW 2070
559, LINDFIELD WEST NSW 2070
560, EAST KILLARA NSW 2071
561, KILLARA NSW 2071
562, GORDON NSW 2072
563, PYMBLE NSW 2073
564, WEST PYMBLE NSW 2073
565, NORTH TURRAMURRA NSW 2074
566, SOUTH TURRAMURRA NSW 2074
567, TURRAMURRA NSW 2074
568, WARRAWEE NSW 2074
569, ST IVES NSW 2075
570, ST IVES CHASE NSW 2075
571, NORMANHURST NSW 2076
572, NORTH WAHROONGA NSW 2076
573, WAHROONGA NSW 2076
574, ASQUITH NSW 2077
575, HORNSBY NSW 2077
576, HORNSBY HEIGHTS NSW 2077
577, WAITARA NSW 2077
578, MOUNT COLAH NSW 2079
579, MOUNT KURING-GAI NSW 2080
580, BEROWRA NSW 2081
581, COWAN NSW 2081
582, BEROWRA HEIGHTS NSW 2082
583, BEROWRA WATERS NSW 2082
584, BAR POINT NSW 2083
585, BROOKLYN NSW 2083
586, CHEERO POINT NSW 2083
587, COGRA BAY NSW 2083
588, DANGAR ISLAND NSW 2083
589, MILSONS PASSAGE NSW 2083
590, MOONEY MOONEY NSW 2083
591, COTTAGE POINT NSW 2084
592, DUFFYS FOREST NSW 2084
593, TERREY HILLS NSW 2084
594, BELROSE NSW 2085
595, BELROSE WEST NSW 2085
596, DAVIDSON NSW 2085
597, FRENCHS FOREST NSW 2086
598, FRENCHS FOREST EAST NSW 2086
599, FORESTVILLE NSW 2087
600, KILLARNEY HEIGHTS NSW 2087
601, MOSMAN NSW 2088
602, SPIT JUNCTION NSW 2088
603, NEUTRAL BAY NSW 2089
604, NEUTRAL BAY JUNCTION NSW 2089
605, CREMORNE NSW 2090
606, CREMORNE JUNCTION NSW 2090
607, CREMORNE POINT NSW 2090
608, SEAFORTH NSW 2092
609, BALGOWLAH NSW 2093
610, BALGOWLAH HEIGHTS NSW 2093
611, CLONTARF NSW 2093
612, MANLY VALE NSW 2093
613, NORTH BALGOWLAH NSW 2093
614, FAIRLIGHT NSW 2094
615, MANLY NSW 2095
616, MANLY EAST NSW 2095
617, CURL CURL NSW 2096
618, HARBORD NSW 2096
619, QUEENSCLIFF NSW 2096
620, COLLAROY NSW 2097
621, COLLAROY BEACH NSW 2097
622, COLLAROY PLATEAU WEST NSW 2097
623, WHEELER HEIGHTS NSW 2097
624, CROMER NSW 2099
625, DEE WHY NSW 2099
626, NARRAWEENA NSW 2099
627, NORTH CURL CURL NSW 2099
628, ALLAMBIE HEIGHTS NSW 2100
629, BEACON HILL NSW 2100
630, BROOKVALE NSW 2100
631, NORTH MANLY NSW 2100
632, OXFORD FALLS NSW 2100
633, WARRINGAH MALL NSW 2100
634, ELANORA HEIGHTS NSW 2101
635, INGLESIDE NSW 2101
636, NARRABEEN NSW 2101
637, NORTH NARRABEEN NSW 2101
638, WARRIEWOOD NSW 2102
639, MONA VALE NSW 2103
640, BAYVIEW NSW 2104
641, CHURCH POINT NSW 2105
642, ELVINA BAY NSW 2105
643, LOVETT BAY NSW 2105
644, SCOTLAND ISLAND NSW 2105
645, NEWPORT NSW 2106
646, NEWPORT BEACH NSW 2106
647, AVALON BEACH NSW 2107
648, BILGOLA NSW 2107
649, CAREEL BAY NSW 2107
650, CLAREVILLE NSW 2107
651, PARADISE BEACH NSW 2107
652, TAYLORS POINT NSW 2107
653, WHALE BEACH NSW 2107
654, COASTERS RETREAT NSW 2108
655, CURRAWONG BEACH NSW 2108
656, GREAT MACKEREL BEACH NSW 2108
657, MORNING BAY NSW 2108
658, PALM BEACH NSW 2108
659, THE BASIN NSW 2108
660, MACQUARIE UNIVERSITY NSW 2109
661, HUNTERS HILL NSW 2110
662, WOOLWICH NSW 2110
663, BORONIA PARK NSW 2111
664, GLADESVILLE NSW 2111
665, HENLEY NSW 2111
666, HUNTLEYS COVE NSW 2111
667, HUNTLEYS POINT NSW 2111
668, MONASH PARK NSW 2111
669, TENNYSON POINT NSW 2111
670, DENISTONE EAST NSW 2112
671, PUTNEY NSW 2112
672, RYDE NSW 2112
673, BLENHEIM ROAD NSW 2113
674, EAST RYDE NSW 2113
675, MACQUARIE CENTRE NSW 2113
676, MACQUARIE PARK NSW 2113
677, NORTH RYDE NSW 2113
678, DENISTONE NSW 2114
679, DENISTONE WEST NSW 2114
680, MEADOWBANK NSW 2114
681, MELROSE PARK NSW 2114
682, WEST RYDE NSW 2114
683, ERMINGTON NSW 2115
684, RYDALMERE NSW 2116
685, DUNDAS NSW 2117
686, DUNDAS VALLEY NSW 2117
687, OATLANDS NSW 2117
688, TELOPEA NSW 2117
689, CARLINGFORD NSW 2118
690, CARLINGFORD COURT NSW 2118
691, CARLINGFORD NORTH NSW 2118
692, KINGSDENE NSW 2118
693, BEECROFT NSW 2119
694, CHELTENHAM NSW 2119
695, PENNANT HILLS NSW 2120
696, THORNLEIGH NSW 2120
697, WESTLEIGH NSW 2120
698, EPPING NSW 2121
699, NORTH EPPING NSW 2121
700, EASTWOOD NSW 2122
701, MARSFIELD NSW 2122
702, PARRAMATTA NSW 2123
703, PARRAMATTA NSW 2124
704, WEST PENNANT HILLS NSW 2125
705, CHERRYBROOK NSW 2126
706, HOMEBUSH BAY NSW 2127
707, NEWINGTON NSW 2127
708, SILVERWATER NSW 2128
709, SYDNEY MARKETS NSW 2129
710, SUMMER HILL NSW 2130
711, ASHFIELD NSW 2131
712, CROYDON NSW 2132
713, CROYDON PARK NSW 2133
714, ENFIELD SOUTH NSW 2133
715, BURWOOD NSW 2134
716, BURWOOD NORTH NSW 2134
717, STRATHFIELD NSW 2135
718, BURWOOD HEIGHTS NSW 2136
719, ENFIELD NSW 2136
720, STRATHFIELD SOUTH NSW 2136
721, BREAKFAST POINT NSW 2137
722, CABARITA NSW 2137
723, CONCORD NSW 2137
724, MORTLAKE NSW 2137
725, NORTH STRATHFIELD NSW 2137
726, CONCORD WEST NSW 2138
727, LIBERTY GROVE NSW 2138
728, RHODES NSW 2138
729, CONCORD REPATRIATION HOSPITAL NSW 2139
730, HOMEBUSH NSW 2140
731, HOMEBUSH SOUTH NSW 2140
732, HOMEBUSH WEST NSW 2140
733, BERALA NSW 2141
734, LIDCOMBE NSW 2141
735, LIDCOMBE NORTH NSW 2141
736, ROOKWOOD NSW 2141
737, BLAXCELL NSW 2142
738, CAMELLIA NSW 2142
739, CLYDE NSW 2142
740, GRANVILLE NSW 2142
741, HOLROYD NSW 2142
742, ROSEHILL NSW 2142
743, SOUTH GRANVILLE NSW 2142
744, BIRRONG NSW 2143
745, POTTS HILL NSW 2143
746, REGENTS PARK NSW 2143
747, AUBURN NSW 2144
748, GIRRAWEEN NSW 2145
749, GREYSTANES NSW 2145
750, MAYS HILL NSW 2145
751, PEMULWUY NSW 2145
752, PENDLE HILL NSW 2145
753, SOUTH WENTWORTHVILLE NSW 2145
754, WENTWORTHVILLE NSW 2145
755, WESTMEAD NSW 2145
756, OLD TOONGABBIE NSW 2146
757, TOONGABBIE NSW 2146
758, TOONGABBIE EAST NSW 2146
759, KINGS LANGLEY NSW 2147
760, LALOR PARK NSW 2147
761, SEVEN HILLS NSW 2147
762, SEVEN HILLS WEST NSW 2147
763, ARNDELL PARK NSW 2148
764, BLACKTOWN NSW 2148
765, BLACKTOWN WESTPOINT NSW 2148
766, HUNTINGWOOD NSW 2148
767, KINGS PARK NSW 2148
768, MARAYONG NSW 2148
769, PROSPECT NSW 2148
770, HARRIS PARK NSW 2150
771, PARRAMATTA NSW 2150
772, PARRAMATTA WESTFIELD NSW 2150
773, NORTH PARRAMATTA NSW 2151
774, NORTH ROCKS NSW 2151
775, NORTHMEAD NSW 2152
776, BAULKHAM HILLS NSW 2153
777, BELLA VISTA NSW 2153
778, WINSTON HILLS NSW 2153
779, CASTLE HILL NSW 2154
780, BEAUMONT HILLS NSW 2155
781, KELLYVILLE NSW 2155
782, KELLYVILLE RIDGE NSW 2155
783, ROUSE HILL NSW 2155
784, ANNANGROVE NSW 2156
785, GLENHAVEN NSW 2156
786, KENTHURST NSW 2156
787, CANOELANDS NSW 2157
788, FOREST GLEN NSW 2157
789, GLENORIE NSW 2157
790, DURAL NSW 2158
791, MIDDLE DURAL NSW 2158
792, ROUND CORNER NSW 2158
793, ARCADIA NSW 2159
794, BERRILEE NSW 2159
795, FIDDLETOWN NSW 2159
796, GALSTON NSW 2159
797, MERRYLANDS NSW 2160
798, MERRYLANDS WEST NSW 2160
799, GUILDFORD NSW 2161
800, GUILDFORD WEST NSW 2161
801, OLD GUILDFORD NSW 2161
802, YENNORA NSW 2161
803, CHESTER HILL NSW 2162
804, SEFTON NSW 2162
805, CARRAMAR NSW 2163
806, LANSDOWNE NSW 2163
807, VILLAWOOD NSW 2163
808, SMITHFIELD NSW 2164
809, SMITHFIELD WEST NSW 2164
810, WETHERILL PARK NSW 2164
811, WOODPARK NSW 2164
812, FAIRFIELD NSW 2165
813, FAIRFIELD EAST NSW 2165
814, FAIRFIELD HEIGHTS NSW 2165
815, FAIRFIELD WEST NSW 2165
816, CABRAMATTA NSW 2166
817, CABRAMATTA WEST NSW 2166
818, CANLEY HEIGHTS NSW 2166
819, CANLEY VALE NSW 2166
820, LANSVALE NSW 2166
821, GLENFIELD NSW 2167
822, ASHCROFT NSW 2168
823, BUSBY NSW 2168
824, CARTWRIGHT NSW 2168
825, GREEN VALLEY NSW 2168
826, HECKENBERG NSW 2168
827, HINCHINBROOK NSW 2168
828, SADLEIR NSW 2168
829, CASULA NSW 2170
830, CASULA MALL NSW 2170
831, CHIPPING NORTON NSW 2170
832, HAMMONDVILLE NSW 2170
833, LIVERPOOL NSW 2170
834, LIVERPOOL SOUTH NSW 2170
835, LIVERPOOL WESTFIELD NSW 2170
836, LURNEA NSW 2170
837, MOOREBANK NSW 2170
838, MOUNT PRITCHARD NSW 2170
839, PRESTONS NSW 2170
840, WARWICK FARM NSW 2170
841, CECIL HILLS NSW 2171
842, HORNINGSEA PARK NSW 2171
843, HOXTON PARK NSW 2171
844, MIDDLETON GRANGE NSW 2171
845, WEST HOXTON NSW 2171
846, PLEASURE POINT NSW 2172
847, SANDY POINT NSW 2172
848, VOYAGER POINT NSW 2172
849, HOLSWORTHY NSW 2173
850, WATTLE GROVE NSW 2173
851, HORSLEY PARK NSW 2175
852, ABBOTSBURY NSW 2176
853, BOSSLEY PARK NSW 2176
854, EDENSOR PARK NSW 2176
855, GREENFIELD PARK NSW 2176
856, PRAIRIEWOOD NSW 2176
857, ST JOHNS PARK NSW 2176
858, WAKELEY NSW 2176
859, BONNYRIGG NSW 2177
860, BONNYRIGG HEIGHTS NSW 2177
861, CECIL PARK NSW 2178
862, KEMPS CREEK NSW 2178
863, MOUNT VERNON NSW 2178
864, AUSTRAL NSW 2179
865, LEPPINGTON NSW 2179
866, CHULLORA NSW 2190
867, GREENACRE NSW 2190
868, MOUNT LEWIS NSW 2190
869, BELFIELD NSW 2191
870, BELMORE NSW 2192
871, ASHBURY NSW 2193
872, CANTERBURY NSW 2193
873, HURLSTONE PARK NSW 2193
874, CAMPSIE NSW 2194
875, LAKEMBA NSW 2195
876, WILEY PARK NSW 2195
877, PUNCHBOWL NSW 2196
878, ROSELANDS NSW 2196
879, BASS HILL NSW 2197
880, GEORGES HALL NSW 2198
881, YAGOONA NSW 2199
882, YAGOONA WEST NSW 2199
883, BANKSTOWN NSW 2200
884, BANKSTOWN AERODROME NSW 2200
885, BANKSTOWN NORTH NSW 2200
886, BANKSTOWN SQUARE NSW 2200
887, CONDELL PARK NSW 2200
888, MANAHAN NSW 2200
889, MOUNT LEWIS NSW 2200
890, DULWICH HILL NSW 2203
891, MARRICKVILLE NSW 2204
892, MARRICKVILLE METRO NSW 2204
893, MARRICKVILLE SOUTH NSW 2204
894, ARNCLIFFE NSW 2205
895, TURRELLA NSW 2205
896, WOLLI CREEK NSW 2205
897, CLEMTON PARK NSW 2206
898, EARLWOOD NSW 2206
899, BARDWELL PARK NSW 2207
900, BARDWELL VALLEY NSW 2207
901, BEXLEY NSW 2207
902, BEXLEY NORTH NSW 2207
903, BEXLEY SOUTH NSW 2207
904, KINGSGROVE NSW 2208
905, BEVERLY HILLS NSW 2209
906, NARWEE NSW 2209
907, LUGARNO NSW 2210
908, PEAKHURST NSW 2210
909, PEAKHURST HEIGHTS NSW 2210
910, RIVERWOOD NSW 2210
911, PADSTOW NSW 2211
912, PADSTOW HEIGHTS NSW 2211
913, REVESBY NSW 2212
914, REVESBY HEIGHTS NSW 2212
915, REVESBY NORTH NSW 2212
916, EAST HILLS NSW 2213
917, PANANIA NSW 2213
918, PICNIC POINT NSW 2213
919, MILPERRA NSW 2214
920, BANKSIA NSW 2216
921, BRIGHTON-LE-SANDS NSW 2216
922, KYEEMAGH NSW 2216
923, ROCKDALE NSW 2216
924, BEVERLEY PARK NSW 2217
925, KOGARAH NSW 2217
926, KOGARAH BAY NSW 2217
927, MONTEREY NSW 2217
928, RAMSGATE NSW 2217
929, RAMSGATE BEACH NSW 2217
930, ALLAWAH NSW 2218
931, CARLTON NSW 2218
932, DOLLS POINT NSW 2219
933, SANDRINGHAM NSW 2219
934, SANS SOUCI NSW 2219
935, HURSTVILLE NSW 2220
936, HURSTVILLE GROVE NSW 2220
937, HURSTVILLE WESTFIELD NSW 2220
938, BLAKEHURST NSW 2221
939, CARSS PARK NSW 2221
940, CONNELLS POINT NSW 2221
941, KYLE BAY NSW 2221
942, SOUTH HURSTVILLE NSW 2221
943, PENSHURST NSW 2222
944, MORTDALE NSW 2223
945, OATLEY NSW 2223
946, KANGAROO POINT NSW 2224
947, SYLVANIA NSW 2224
948, SYLVANIA SOUTHGATE NSW 2224
949, SYLVANIA WATERS NSW 2224
950, CARAVAN HEAD NSW 2225
951, OYSTER BAY NSW 2225
952, BONNET BAY NSW 2226
953, COMO NSW 2226
954, JANNALI NSW 2226
955, GYMEA NSW 2227
956, GYMEA BAY NSW 2227
957, MIRANDA NSW 2228
958, YOWIE BAY NSW 2228
959, CARINGBAH NSW 2229
960, DOLANS BAY NSW 2229
961, LILLI PILLI NSW 2229
962, PORT HACKING NSW 2229
963, TAREN POINT NSW 2229
964, WARUMBUL NSW 2229
965, BUNDEENA NSW 2230
966, BURRANEER NSW 2230
967, CRONULLA NSW 2230
968, MAIANBAR NSW 2230
969, WOOLOOWARE NSW 2230
970, KURNELL NSW 2231
971, AUDLEY NSW 2232
972, GARIE NSW 2232
973, GRAYS POINT NSW 2232
974, KAREELA NSW 2232
975, KIRRAWEE NSW 2232
976, LOFTUS NSW 2232
977, SUTHERLAND NSW 2232
978, WORONORA NSW 2232
979, ENGADINE NSW 2233
980, HEATHCOTE NSW 2233
981, WATERFALL NSW 2233
982, WORONORA HEIGHTS NSW 2233
983, YARRAWARRAH NSW 2233
984, ALFORDS POINT NSW 2234
985, BANGOR NSW 2234
986, BARDEN RIDGE NSW 2234
987, ILLAWONG NSW 2234
988, LUCAS HEIGHTS NSW 2234
989, MENAI NSW 2234
990, MENAI CENTRAL NSW 2234
991, BUCKETTY NSW 2250
992, CALGA NSW 2250
993, CENTRAL MANGROVE NSW 2250
994, EAST GOSFORD NSW 2250
995, ERINA NSW 2250
996, ERINA FAIR NSW 2250
997, GLENWORTH VALLEY NSW 2250
998, GOSFORD NSW 2250
999, GREENGROVE NSW 2250
1000, HOLGATE NSW 2250
1001, KARIONG NSW 2250
1002, KULNURA NSW 2250
1003, LISAROW NSW 2250
1004, LOWER MANGROVE NSW 2250
1005, MANGROVE CREEK NSW 2250
1006, MANGROVE MOUNTAIN NSW 2250
1007, MATCHAM NSW 2250
1008, MOONEY MOONEY CREEK NSW 2250
1009, MOUNT ELLIOT NSW 2250
1010, MOUNT WHITE NSW 2250
1011, NARARA NSW 2250
1012, NIAGARA PARK NSW 2250
1013, NORTH GOSFORD NSW 2250
1014, PEATS RIDGE NSW 2250
1015, POINT CLARE NSW 2250
1016, POINT FREDERICK NSW 2250
1017, SOMERSBY NSW 2250
1018, SPRINGFIELD NSW 2250
1019, TASCOTT NSW 2250
1020, TEN MILE HOLLOW NSW 2250
1021, UPPER MANGROVE NSW 2250
1022, WENDOREE PARK NSW 2250
1023, WEST GOSFORD NSW 2250
1024, WYOMING NSW 2250
1025, AVOCA BEACH NSW 2251
1026, BENSVILLE NSW 2251
1027, BOUDDI NSW 2251
1028, COPACABANA NSW 2251
1029, DAVISTOWN NSW 2251
1030, GREEN POINT NSW 2251
1031, KINCUMBER NSW 2251
1032, KINCUMBER SOUTH NSW 2251
1033, MACMASTERS BEACH NSW 2251
1034, PICKETTS VALLEY NSW 2251
1035, SARATOGA NSW 2251
1036, YATTALUNGA NSW 2251
1037, BLACKWALL NSW 2256
1038, HORSFIELD BAY NSW 2256
1039, KOOLEWONG NSW 2256
1040, LITTLE WOBBY NSW 2256
1041, PATONGA NSW 2256
1042, PEARL BEACH NSW 2256
1043, PHEGANS BAY NSW 2256
1044, WONDABYNE NSW 2256
1045, WOY WOY NSW 2256
1046, WOY WOY BAY NSW 2256
1047, BOOKER BAY NSW 2257
1048, BOX HEAD NSW 2257
1049, DALEYS POINT NSW 2257
1050, EMPIRE BAY NSW 2257
1051, ETTALONG BEACH NSW 2257
1052, HARDYS BAY NSW 2257
1053, KILLCARE NSW 2257
1054, KILLCARE HEIGHTS NSW 2257
1055, PRETTY BEACH NSW 2257
1056, ST HUBERTS ISLAND NSW 2257
1057, UMINA BEACH NSW 2257
1058, WAGSTAFFE NSW 2257
1059, FOUNTAINDALE NSW 2258
1060, KANGY ANGY NSW 2258
1061, OURIMBAH NSW 2258
1062, PALM GROVE NSW 2258
1063, PALMDALE NSW 2258
1064, ALISON NSW 2259
1065, BUSHELLS RIDGE NSW 2259
1066, CEDAR BRUSH CREEK NSW 2259
1067, CHAIN VALLEY BAY NSW 2259
1068, CRANGAN BAY NSW 2259
1069, DOORALONG NSW 2259
1070, DURREN DURREN NSW 2259
1071, FRAZER PARK NSW 2259
1072, FREEMANS NSW 2259
1073, GWANDALAN NSW 2259
1074, HALLORAN NSW 2259
1075, HAMLYN TERRACE NSW 2259
1076, JILLIBY NSW 2259
1077, KANWAL NSW 2259
1078, KIAR NSW 2259
1079, LAKE MUNMORAH NSW 2259
1080, LEMON TREE NSW 2259
1081, LITTLE JILLIBY NSW 2259
1082, MANNERING PARK NSW 2259
1083, MARDI NSW 2259
1084, MOONEE NSW 2259
1085, POINT WOLSTONCROFT NSW 2259
1086, RAVENSDALE NSW 2259
1087, ROCKY POINT NSW 2259
1088, SUMMERLAND POINT NSW 2259
1089, TACOMA NSW 2259
1090, TACOMA SOUTH NSW 2259
1091, TUGGERAH NSW 2259
1092, TUGGERAWONG NSW 2259
1093, WADALBA NSW 2259
1094, WALLARAH NSW 2259
1095, WARNERVALE NSW 2259
1096, WATANOBBI NSW 2259
1097, WOONGARRAH NSW 2259
1098, WYBUNG NSW 2259
1099, WYEE NSW 2259
1100, WYEE POINT NSW 2259
1101, WYONG NSW 2259
1102, WYONG CREEK NSW 2259
1103, WYONGAH NSW 2259
1104, YARRAMALONG NSW 2259
1105, ERINA HEIGHTS NSW 2260
1106, FORRESTERS BEACH NSW 2260
1107, NORTH AVOCA NSW 2260
1108, TERRIGAL NSW 2260
1109, WAMBERAL NSW 2260
1110, BATEAU BAY NSW 2261
1111, BAY VILLAGE NSW 2261
1112, BERKELEY VALE NSW 2261
1113, BLUE BAY NSW 2261
1114, CHITTAWAY BAY NSW 2261
1115, CHITTAWAY POINT NSW 2261
1116, GLENNING VALLEY NSW 2261
1117, KILLARNEY VALE NSW 2261
1118, LONG JETTY NSW 2261
1119, MAGENTA NSW 2261
1120, SHELLY BEACH NSW 2261
1121, THE ENTRANCE NSW 2261
1122, THE ENTRANCE NORTH NSW 2261
1123, TOOWOON BAY NSW 2261
1124, TUMBI UMBI NSW 2261
1125, BLUE HAVEN NSW 2262
1126, BUDGEWOI NSW 2262
1127, BUDGEWOI PENINSULA NSW 2262
1128, BUFF POINT NSW 2262
1129, COLONGRA NSW 2262
1130, DOYALSON NSW 2262
1131, DOYALSON NORTH NSW 2262
1132, HALEKULANI NSW 2262
1133, SAN REMO NSW 2262
1134, CANTON BEACH NSW 2263
1135, CHARMHAVEN NSW 2263
1136, GOROKAN NSW 2263
1137, LAKE HAVEN NSW 2263
1138, NORAH HEAD NSW 2263
1139, NORAVILLE NSW 2263
1140, TOUKLEY NSW 2263
1141, BALCOLYN NSW 2264
1142, BONNELLS BAY NSW 2264
1143, BRIGHTWATERS NSW 2264
1144, DORA CREEK NSW 2264
1145, ERARING NSW 2264
1146, MANDALONG NSW 2264
1147, MIRRABOOKA NSW 2264
1148, MORISSET NSW 2264
1149, MORISSET PARK NSW 2264
1150, MYUNA BAY NSW 2264
1151, SILVERWATER NSW 2264
1152, WINDERMERE PARK NSW 2264
1153, YARRAWONGA PARK NSW 2264
1154, COORANBONG NSW 2265
1155, MARTINSVILLE NSW 2265
1156, WANGI WANGI NSW 2267
1157, BARNSLEY NSW 2278
1158, KILLINGWORTH NSW 2278
1159, WAKEFIELD NSW 2278
1160, BELMONT NSW 2280
1161, BELMONT NORTH NSW 2280
1162, BELMONT SOUTH NSW 2280
1163, CROUDACE BAY NSW 2280
1164, FLORAVILLE NSW 2280
1165, JEWELLS NSW 2280
1166, MARKS POINT NSW 2280
1167, VALENTINE NSW 2280
1168, BLACKSMITHS NSW 2281
1169, CAMS WHARF NSW 2281
1170, CATHERINE HILL BAY NSW 2281
1171, CAVES BEACH NSW 2281
1172, LITTLE PELICAN NSW 2281
1173, MIDDLE CAMP NSW 2281
1174, MURRAYS BEACH NSW 2281
1175, NORDS WHARF NSW 2281
1176, PELICAN NSW 2281
1177, PINNY BEACH NSW 2281
1178, SWANSEA NSW 2281
1179, SWANSEA HEADS NSW 2281
1180, ELEEBANA NSW 2282
1181, LAKELANDS NSW 2282
1182, WARNERS BAY NSW 2282
1183, ARCADIA VALE NSW 2283
1184, AWABA NSW 2283
1185, BALMORAL NSW 2283
1186, BLACKALLS PARK NSW 2283
1187, BOLTON POINT NSW 2283
1188, BUTTABA NSW 2283
1189, CAREY BAY NSW 2283
1190, COAL POINT NSW 2283
1191, FASSIFERN NSW 2283
1192, FENNELL BAY NSW 2283
1193, FISHING POINT NSW 2283
1194, KILABEN BAY NSW 2283
1195, RATHMINES NSW 2283
1196, RYHOPE NSW 2283
1197, TORONTO NSW 2283
1198, ARGENTON NSW 2284
1199, BOOLAROO NSW 2284
1200, BOORAGUL NSW 2284
1201, MARMONG POINT NSW 2284
1202, SPEERS POINT NSW 2284
1203, TERALBA NSW 2284
1204, WOODRISING NSW 2284
1205, CAMERON PARK NSW 2285
1206, CARDIFF NSW 2285
1207, CARDIFF HEIGHTS NSW 2285
1208, CARDIFF SOUTH NSW 2285
1209, EDGEWORTH NSW 2285
1210, GLENDALE NSW 2285
1211, MACQUARIE HILLS NSW 2285
1212, HOLMESVILLE NSW 2286
1213, SEAHAMPTON NSW 2286
1214, WEST WALLSEND NSW 2286
1215, BIRMINGHAM GARDENS NSW 2287
1216, ELERMORE VALE NSW 2287
1217, FLETCHER NSW 2287
1218, MARYLAND NSW 2287
1219, MINMI NSW 2287
1220, RANKIN PARK NSW 2287
1221, SUMMER HILL NSW 2287
1222, WALLSEND NSW 2287
1223, WALLSEND SOUTH NSW 2287
1224, ADAMSTOWN NSW 2289
1225, ADAMSTOWN HEIGHTS NSW 2289
1226, GARDEN SUBURB NSW 2289
1227, HIGHFIELDS NSW 2289
1228, KOTARA NSW 2289
1229, KOTARA SOUTH NSW 2289
1230, BENNETTS GREEN NSW 2290
1231, CHARLESTOWN NSW 2290
1232, DUDLEY NSW 2290
1233, GATESHEAD NSW 2290
1234, HILLSBOROUGH NSW 2290
1235, KAHIBAH NSW 2290
1236, MOUNT HUTTON NSW 2290
1237, REDHEAD NSW 2290
1238, TINGIRA HEIGHTS NSW 2290
1239, WHITEBRIDGE NSW 2290
1240, MEREWETHER NSW 2291
1241, MEREWETHER HEIGHTS NSW 2291
1242, THE JUNCTION NSW 2291
1243, BROADMEADOW NSW 2292
1244, HAMILTON NORTH NSW 2292
1245, MARYVILLE NSW 2293
1246, WICKHAM NSW 2293
1247, CARRINGTON NSW 2294
1248, FERN BAY NSW 2295
1249, STOCKTON NSW 2295
1250, ISLINGTON NSW 2296
1251, TIGHES HILL NSW 2297
1252, GEORGETOWN NSW 2298
1253, WARATAH NSW 2298
1254, WARATAH WEST NSW 2298
1255, JESMOND NSW 2299
1256, LAMBTON NSW 2299
1257, NORTH LAMBTON NSW 2299
1258, BAR BEACH NSW 2300
1259, COOKS HILL NSW 2300
1260, NEWCASTLE NSW 2300
1261, NEWCASTLE EAST NSW 2300
1262, THE HILL NSW 2300
1263, NEWCASTLE WEST NSW 2302
1264, HAMILTON NSW 2303
1265, HAMILTON EAST NSW 2303
1266, HAMILTON SOUTH NSW 2303
1267, KOORAGANG NSW 2304
1268, MAYFIELD NSW 2304
1269, MAYFIELD EAST NSW 2304
1270, MAYFIELD NORTH NSW 2304
1271, MAYFIELD WEST NSW 2304
1272, SANDGATE NSW 2304
1273, WARABROOK NSW 2304
1274, KOTARA EAST NSW 2305
1275, NEW LAMBTON NSW 2305
1276, NEW LAMBTON HEIGHTS NSW 2305
1277, WINDALE NSW 2306
1278, SHORTLAND NSW 2307
1279, CALLAGHAN NSW 2308
1280, NEWCASTLE UNIVERSITY NSW 2308
1281, DANGAR NSW 2309
1282, ALLYNBROOK NSW 2311
1283, BINGLEBURRA NSW 2311
1284, CARRABOLLA NSW 2311
1285, EAST GRESFORD NSW 2311
1286, ECCLESTON NSW 2311
1287, GRESFORD NSW 2311
1288, HALTON NSW 2311
1289, LEWINSBROOK NSW 2311
1290, LOSTOCK NSW 2311
1291, MOUNT RIVERS NSW 2311
1292, UPPER ALLYN NSW 2311
1293, MINIMBAH NSW 2312
1294, NABIAC NSW 2312
1295, WILLIAMTOWN RAAF NSW 2314
1296, CORLETTE NSW 2315
1297, FINGAL BAY NSW 2315
1298, NELSON BAY NSW 2315
1299, SHOAL BAY NSW 2315
1300, ANNA BAY NSW 2316
1301, BOAT HARBOUR NSW 2316
1302, BOBS FARM NSW 2316
1303, FISHERMANS BAY NSW 2316
1304, ONE MILE NSW 2316
1305, TAYLORS BEACH NSW 2316
1306, SALAMANDER BAY NSW 2317
1307, SOLDIERS POINT NSW 2317
1308, CAMPVALE NSW 2318
1309, FERODALE NSW 2318
1310, FULLERTON COVE NSW 2318
1311, MEDOWIE NSW 2318
1312, OYSTER COVE NSW 2318
1313, SALT ASH NSW 2318
1314, WILLIAMTOWN NSW 2318
1315, LEMON TREE PASSAGE NSW 2319
1316, MALLABULA NSW 2319
1317, TANILBA BAY NSW 2319
1318, ABERGLASSLYN NSW 2320
1319, ALLANDALE NSW 2320
1320, ANAMBAH NSW 2320
1321, BOLWARRA NSW 2320
1322, BOLWARRA HEIGHTS NSW 2320
1323, FARLEY NSW 2320
1324, GLEN OAK NSW 2320
1325, GOSFORTH NSW 2320
1326, HILLSBOROUGH NSW 2320
1327, HORSESHOE BEND NSW 2320
1328, KEINBAH NSW 2320
1329, LARGS NSW 2320
1330, LORN NSW 2320
1331, LOUTH PARK NSW 2320
1332, MAITLAND NSW 2320
1333, MAITLAND NORTH NSW 2320
1334, MAITLAND VALE NSW 2320
1335, MELVILLE NSW 2320
1336, MINDARIBBA NSW 2320
1337, MOUNT DEE NSW 2320
1338, OAKHAMPTON NSW 2320
1339, OAKHAMPTON HEIGHTS NSW 2320
1340, POKOLBIN NSW 2320
1341, ROSEBROOK NSW 2320
1342, ROTHBURY NSW 2320
1343, RUTHERFORD NSW 2320
1344, SOUTH MAITLAND NSW 2320
1345, TELARAH NSW 2320
1346, WALLALONG NSW 2320
1347, WINDELLA NSW 2320
1348, BERRY PARK NSW 2321
1349, BUTTERWICK NSW 2321
1350, CLARENCE TOWN NSW 2321
1351, CLIFTLEIGH NSW 2321
1352, DUCKENFIELD NSW 2321
1353, DUNS CREEK NSW 2321
1354, GILLIESTON HEIGHTS NSW 2321
1355, GLEN MARTIN NSW 2321
1356, GLEN WILLIAM NSW 2321
1357, HARPERS HILL NSW 2321
1358, HEDDON GRETA NSW 2321
1359, HINTON NSW 2321
1360, LOCHINVAR NSW 2321
1361, LUSKINTYRE NSW 2321
1362, MORPETH NSW 2321
1363, OSWALD NSW 2321
1364, PHOENIX PARK NSW 2321
1365, RAWORTH NSW 2321
1366, WOODVILLE NSW 2321
1367, BERESFIELD NSW 2322
1368, BLACK HILL NSW 2322
1369, HEXHAM NSW 2322
1370, LENAGHAN NSW 2322
1371, STOCKRINGTON NSW 2322
1372, TARRO NSW 2322
1373, THORNTON NSW 2322
1374, TOMAGO NSW 2322
1375, WOODBERRY NSW 2322
1376, ASHTONFIELD NSW 2323
1377, BRUNKERVILLE NSW 2323
1378, BUCHANAN NSW 2323
1379, BUTTAI NSW 2323
1380, EAST MAITLAND NSW 2323
1381, FREEMANS WATERHOLE NSW 2323
1382, GREEN HILLS NSW 2323
1383, METFORD NSW 2323
1384, MOUNT VINCENT NSW 2323
1385, MULBRING NSW 2323
1386, PITNACREE NSW 2323
1387, RICHMOND VALE NSW 2323
1388, TENAMBIT NSW 2323
1389, BALICKERA NSW 2324
1390, BRANDY HILL NSW 2324
1391, BUNDABAH NSW 2324
1392, CARRINGTON NSW 2324
1393, CELLS RIVER NSW 2324
1394, EAGLETON NSW 2324
1395, EAST SEAHAM NSW 2324
1396, HAWKS NEST NSW 2324
1397, HEATHERBRAE NSW 2324
1398, KARUAH NSW 2324
1399, LIMEBURNERS CREEK NSW 2324
1400, MILLERS FOREST NSW 2324
1401, NELSONS PLAINS NSW 2324
1402, NORTH ARM COVE NSW 2324
1403, OSTERLEY NSW 2324
1404, PINDIMAR NSW 2324
1405, RAYMOND TERRACE NSW 2324
1406, RAYMOND TERRACE EAST NSW 2324
1407, SEAHAM NSW 2324
1408, SWAN BAY NSW 2324
1409, TAHLEE NSW 2324
1410, TEA GARDENS NSW 2324
1411, TWELVE MILE CREEK NSW 2324
1412, ABERDARE NSW 2325
1413, ABERNETHY NSW 2325
1414, BELLBIRD NSW 2325
1415, BELLBIRD HEIGHTS NSW 2325
1416, BOREE NSW 2325
1417, CEDAR CREEK NSW 2325
1418, CESSNOCK NSW 2325
1419, CESSNOCK WEST NSW 2325
1420, CONGEWAI NSW 2325
1421, CORRABARE NSW 2325
1422, ELLALONG NSW 2325
1423, ELRINGTON NSW 2325
1424, GRETA MAIN NSW 2325
1425, KEARSLEY NSW 2325
1426, KITCHENER NSW 2325
1427, LAGUNA NSW 2325
1428, LOVEDALE NSW 2325
1429, MILLFIELD NSW 2325
1430, MORUBEN NSW 2325
1431, MOUNT VIEW NSW 2325
1432, NULKABA NSW 2325
1433, OLNEY NSW 2325
1434, PAXTON NSW 2325
1435, PAYNES CROSSING NSW 2325
1436, PELTON NSW 2325
1437, QUORROBOLONG NSW 2325
1438, SWEETMANS CREEK NSW 2325
1439, WOLLOMBI NSW 2325
1440, ABERMAIN NSW 2326
1441, BISHOPS BRIDGE NSW 2326
1442, LOXFORD NSW 2326
1443, NEATH NSW 2326
1444, SAWYERS GULLY NSW 2326
1445, WESTON NSW 2326
1446, KURRI KURRI NSW 2327
1447, PELAW MAIN NSW 2327
1448, STANFORD MERTHYR NSW 2327
1449, BUREEN NSW 2328
1450, DALSWINTON NSW 2328
1451, DENMAN NSW 2328
1452, GIANTS CREEK NSW 2328
1453, HOLLYDEEN NSW 2328
1454, KERRABEE NSW 2328
1455, MANGOOLA NSW 2328
1456, MARTINDALE NSW 2328
1457, WIDDEN NSW 2328
1458, YARRAWA NSW 2328
1459, BORAMBIL NSW 2329
1460, CASSILIS NSW 2329
1461, MERRIWA NSW 2329
1462, UARBRY NSW 2329
1463, APPLETREE FLAT NSW 2330
1464, BIG RIDGE NSW 2330
1465, BIG YENGO NSW 2330
1466, BOWMANS CREEK NSW 2330
1467, BRIDGMAN NSW 2330
1468, BROKE NSW 2330
1469, BULGA NSW 2330
1470, CAMBERWELL NSW 2330
1471, CARROWBROOK NSW 2330
1472, CLYDESDALE NSW 2330
1473, COMBO NSW 2330
1474, DARLINGTON NSW 2330
1475, DOYLES CREEK NSW 2330
1476, DUNOLLY NSW 2330
1477, DURAL NSW 2330
1478, DYRRING NSW 2330
1479, FALBROOK NSW 2330
1480, FERN GULLY NSW 2330
1481, FORDWICH NSW 2330
1482, GARLAND VALLEY NSW 2330
1483, GLENDON NSW 2330
1484, GLENNIES CREEK NSW 2330
1485, GLENRIDDING NSW 2330
1486, GOORANGOOLA NSW 2330
1487, GOULDSVILLE NSW 2330
1488, GOWRIE NSW 2330
1489, GREENLANDS NSW 2330
1490, HAMBLEDON HILL NSW 2330
1491, HEBDEN NSW 2330
1492, HOWES VALLEY NSW 2330
1493, HOWICK NSW 2330
1494, HUNTERVIEW NSW 2330
1495, JERRYS PLAINS NSW 2330
1496, LEMINGTON NSW 2330
1497, LONG POINT NSW 2330
1498, MAISON DIEU NSW 2330
1499, MCDOUGALLS HILL NSW 2330
1500, MIDDLE FALBROOK NSW 2330
1501, MILBRODALE NSW 2330
1502, MIRANNIE NSW 2330
1503, MITCHELLS FLAT NSW 2330
1504, MOUNT OLIVE NSW 2330
1505, MOUNT ROYAL NSW 2330
1506, MOUNT THORLEY NSW 2330
1507, OBANVALE NSW 2330
1508, PUTTY NSW 2330
1509, RAVENSWORTH NSW 2330
1510, REDBOURNBERRY NSW 2330
1511, REEDY CREEK NSW 2330
1512, RIXS CREEK NSW 2330
1513, ROUGHIT NSW 2330
1514, SCOTTS FLAT NSW 2330
1515, SEDGEFIELD NSW 2330
1516, SINGLETON NSW 2330
1517, SINGLETON HEIGHTS NSW 2330
1518, ST CLAIR NSW 2330
1519, WARKWORTH NSW 2330
1520, WATTLE PONDS NSW 2330
1521, WESTBROOK NSW 2330
1522, WHITTINGHAM NSW 2330
1523, WOLLEMI NSW 2330
1524, WYLIES FLAT NSW 2330
1525, SINGLETON MILITARY AREA NSW 2331
1526, BAERAMI NSW 2333
1527, BAERAMI CREEK NSW 2333
1528, BENGALLA NSW 2333
1529, CASTLE ROCK NSW 2333
1530, EDDERTON NSW 2333
1531, GUNGAL NSW 2333
1532, KAYUGA NSW 2333
1533, LIDDELL NSW 2333
1534, MANOBALAI NSW 2333
1535, MCCULLYS GAP NSW 2333
1536, MUSCLE CREEK NSW 2333
1537, MUSWELLBROOK NSW 2333
1538, SANDY HOLLOW NSW 2333
1539, WYBONG NSW 2333
1540, GRETA NSW 2334
1541, BELFORD NSW 2335
1542, BRANXTON NSW 2335
1543, DALWOOD NSW 2335
1544, EAST BRANXTON NSW 2335
1545, ELDERSLIE NSW 2335
1546, LAMBS VALLEY NSW 2335
1547, LECONFIELD NSW 2335
1548, LOWER BELFORD NSW 2335
1549, NORTH ROTHBURY NSW 2335
1550, STANHOPE NSW 2335
1551, ABERDEEN NSW 2336
1552, DARTBROOK NSW 2336
1553, DAVIS CREEK NSW 2336
1554, ROSSGOLE NSW 2336
1555, ROUCHEL NSW 2336
1556, ROUCHEL BROOK NSW 2336
1557, UPPER DARTBROOK NSW 2336
1558, UPPER ROUCHEL NSW 2336
1559, BELLTREES NSW 2337
1560, BRAWBOY NSW 2337
1561, BUNNAN NSW 2337
1562, DRY CREEK NSW 2337
1563, ELLERSTON NSW 2337
1564, GLENBAWN NSW 2337
1565, GLENROCK NSW 2337
1566, GUNDY NSW 2337
1567, KARS SPRINGS NSW 2337
1568, MIDDLE BROOK NSW 2337
1569, MOOBI NSW 2337
1570, MOONAN BROOK NSW 2337
1571, MOONAN FLAT NSW 2337
1572, MURULLA NSW 2337
1573, OMADALE NSW 2337
1574, OWENS GAP NSW 2337
1575, PAGES CREEK NSW 2337
1576, PARKVILLE NSW 2337
1577, SCONE NSW 2337
1578, SEGENHOE NSW 2337
1579, STEWARTS BROOK NSW 2337
1580, TOMALLA NSW 2337
1581, WAVERLY NSW 2337
1582, WINGEN NSW 2337
1583, WOOLOOMA NSW 2337
1584, ARDGLEN NSW 2338
1585, BLANDFORD NSW 2338
1586, CRAWNEY NSW 2338
1587, GREEN CREEK NSW 2338
1588, MURRURUNDI NSW 2338
1589, PAGES RIVER NSW 2338
1590, SANDY CREEK NSW 2338
1591, SCOTTS CREEK NSW 2338
1592, TIMOR NSW 2338
1593, BIG JACKS CREEK NSW 2339
1594, BRAEFIELD NSW 2339
1595, CATTLE CREEK NSW 2339
1596, CHILCOTTS CREEK NSW 2339
1597, LITTLE JACKS CREEK NSW 2339
1598, MACDONALDS CREEK NSW 2339
1599, PARRAWEENA NSW 2339
1600, WARRAH NSW 2339
1601, WARRAH CREEK NSW 2339
1602, WILLOW TREE NSW 2339
1603, APPLEBY NSW 2340
1604, BARRY NSW 2340
1605, BECTIVE NSW 2340
1606, BITHRAMERE NSW 2340
1607, BOWLING ALLEY POINT NSW 2340
1608, CALALA NSW 2340
1609, CARROLL NSW 2340
1610, DARUKA NSW 2340
1611, DUNCANS CREEK NSW 2340
1612, DUNGOWAN NSW 2340
1613, EAST TAMWORTH NSW 2340
1614, GAROO NSW 2340
1615, GIDLEY NSW 2340
1616, GOONOO GOONOO NSW 2340
1617, GOWRIE NSW 2340
1618, HALLSVILLE NSW 2340
1619, HANGING ROCK NSW 2340
1620, HILLVUE NSW 2340
1621, KEEPIT NSW 2340
1622, KINGSWOOD NSW 2340
1623, LOOMBERAH NSW 2340
1624, MOORE CREEK NSW 2340
1625, NEMINGHA NSW 2340
1626, NORTH TAMWORTH NSW 2340
1627, NUNDLE NSW 2340
1628, OGUNBIL NSW 2340
1629, OXLEY VALE NSW 2340
1630, PIALLAMORE NSW 2340
1631, SOMERTON NSW 2340
1632, SOUTH TAMWORTH NSW 2340
1633, TAMINDA NSW 2340
1634, TAMWORTH NSW 2340
1635, TIMBUMBURI NSW 2340
1636, WALLAMORE NSW 2340
1637, WARRAL NSW 2340
1638, WEABONGA NSW 2340
1639, WEST TAMWORTH NSW 2340
1640, WESTDALE NSW 2340
1641, WOOLOMIN NSW 2340
1642, WERRIS CREEK NSW 2341
1643, CURRABUBULA NSW 2342
1644, PIALLAWAY NSW 2342
1645, BLACKVILLE NSW 2343
1646, BUNDELLA NSW 2343
1647, CAROONA NSW 2343
1648, COLLY BLUE NSW 2343
1649, COOMOO COOMOO NSW 2343
1650, PINE RIDGE NSW 2343
1651, QUIPOLLY NSW 2343
1652, QUIRINDI NSW 2343
1653, SPRING RIDGE NSW 2343
1654, WALLABADAH NSW 2343
1655, WARRAH RIDGE NSW 2343
1656, WINDY NSW 2343
1657, YANNERGEE NSW 2343
1658, DURI NSW 2344
1659, WINTON NSW 2344
1660, ATTUNGA NSW 2345
1661, GARTHOWEN NSW 2345
1662, BORAH CREEK NSW 2346
1663, HALLS CREEK NSW 2346
1664, KLORI NSW 2346
1665, MANILLA NSW 2346
1666, NAMOI RIVER NSW 2346
1667, NEW MEXICO NSW 2346
1668, RUSHES CREEK NSW 2346
1669, UPPER MANILLA NSW 2346
1670, WARRABAH NSW 2346
1671, WONGO CREEK NSW 2346
1672, BANOON NSW 2347
1673, BARRABA NSW 2347
1674, CARODA NSW 2347
1675, COBBADAH NSW 2347
1676, GULF CREEK NSW 2347
1677, GUNDAMULDA NSW 2347
1678, IRONBARK NSW 2347
1679, LINDESAY NSW 2347
1680, LONGARM NSW 2347
1681, MAYVALE NSW 2347
1682, RED HILL NSW 2347
1683, THIRLOENE NSW 2347
1684, UPPER HORTON NSW 2347
1685, WOODSREEF NSW 2347
1686, ABERFOYLE NSW 2350
1687, ABINGTON NSW 2350
1688, ARGYLE NSW 2350
1689, ARMIDALE NSW 2350
1690, BONA VISTA NSW 2350
1691, BOOROLONG NSW 2350
1692, CASTLE DOYLE NSW 2350
1693, DANGARSLEIGH NSW 2350
1694, DONALD CREEK NSW 2350
1695, DUMARESQ NSW 2350
1696, DUVAL NSW 2350
1697, ENMORE NSW 2350
1698, HILLGROVE NSW 2350
1699, INVERGOWRIE NSW 2350
1700, JEOGLA NSW 2350
1701, KELLYS PLAINS NSW 2350
1702, LYNDHURST NSW 2350
1703, PUDDLEDOCK NSW 2350
1704, SAUMAREZ NSW 2350
1705, SAUMAREZ PONDS NSW 2350
1706, THALGARRAH NSW 2350
1707, TILBUSTER NSW 2350
1708, WARDS MISTAKE NSW 2350
1709, WEST ARMIDALE NSW 2350
1710, WOLLOMOMBI NSW 2350
1711, WONGWIBINDA NSW 2350
1712, UNIVERSITY OF NEW ENGLAND NSW 2351
1713, KOOTINGAL NSW 2352
1714, LIMBRI NSW 2352
1715, MULLA CREEK NSW 2352
1716, TINTINHULL NSW 2352
1717, MOONBI NSW 2353
1718, BRANGA PLAINS NSW 2354
1719, KENTUCKY NSW 2354
1720, KENTUCKY SOUTH NSW 2354
1721, MOONA PLAINS NSW 2354
1722, NIANGALA NSW 2354
1723, NOWENDOC NSW 2354
1724, WALCHA NSW 2354
1725, WALCHA ROAD NSW 2354
1726, WOLLUN NSW 2354
1727, WOOLBROOK NSW 2354
1728, YARROWITCH NSW 2354
1729, BENDEMEER NSW 2355
1730, WATSONS CREEK NSW 2355
1731, GWABEGAR NSW 2356
1732, BOMERA NSW 2357
1733, BUGALDIE NSW 2357
1734, COONABARABRAN NSW 2357
1735, DANDRY NSW 2357
1736, GOWANG NSW 2357
1737, PURLEWAUGH NSW 2357
1738, ROCKY GLEN NSW 2357
1739, TANNABAR NSW 2357
1740, ULAMAMBRI NSW 2357
1741, ARDING NSW 2358
1742, BAKERS CREEK NSW 2358
1743, BALALA NSW 2358
1744, ENMORE NSW 2358
1745, GOSTWYCK NSW 2358
1746, KINGSTOWN NSW 2358
1747, MIHI NSW 2358
1748, ROCKY RIVER NSW 2358
1749, SALISBURY PLAINS NSW 2358
1750, TORRYBURN NSW 2358
1751, URALLA NSW 2358
1752, YARROWYCK NSW 2358
1753, ABERDEEN NSW 2359
1754, BUNDARRA NSW 2359
1755, CAMERONS CREEK NSW 2359
1756, AUBURN VALE NSW 2360
1757, BRODIES PLAINS NSW 2360
1758, BUKKULLA NSW 2360
1759, CHERRY TREE HILL NSW 2360
1760, COPETON NSW 2360
1761, ELSMORE NSW 2360
1762, GILGAI NSW 2360
1763, GRAMAN NSW 2360
1764, GUM FLAT NSW 2360
1765, HOWELL NSW 2360
1766, INVERELL NSW 2360
1767, KINGS PLAINS NSW 2360
1768, LITTLE PLAIN NSW 2360
1769, LONG PLAIN NSW 2360
1770, MOUNT RUSSELL NSW 2360
1771, NEWSTEAD NSW 2360
1772, NULLAMANNA NSW 2360
1773, PARADISE NSW 2360
1774, ROB ROY NSW 2360
1775, SAPPHIRE NSW 2360
1776, SPRING MOUNTAIN NSW 2360
1777, STANBOROUGH NSW 2360
1778, SWANBROOK NSW 2360
1779, WALLANGRA NSW 2360
1780, WANDERA NSW 2360
1781, WOODSTOCK NSW 2360
1782, ASHFORD NSW 2361
1783, ATHOLWOOD NSW 2361
1784, BONSHAW NSW 2361
1785, LIMESTONE NSW 2361
1786, PINDAROI NSW 2361
1787, BACKWATER NSW 2365
1788, BALD BLAIR NSW 2365
1789, BALDERSLEIGH NSW 2365
1790, BASSENDEAN NSW 2365
1791, BEN LOMOND NSW 2365
1792, BLACK MOUNTAIN NSW 2365
1793, BRIARBROOK NSW 2365
1794, BROCKLEY NSW 2365
1795, BRUSHY CREEK NSW 2365
1796, FALCONER NSW 2365
1797, GEORGES CREEK NSW 2365
1798, GLEN NEVIS NSW 2365
1799, GLENCOE NSW 2365
1800, GREEN HILLS NSW 2365
1801, GUYRA NSW 2365
1802, LLANGOTHLIN NSW 2365
1803, MAYBOLE NSW 2365
1804, MOUNT MITCHELL NSW 2365
1805, NEW VALLEY NSW 2365
1806, OBAN NSW 2365
1807, SOUTH GUYRA NSW 2365
1808, TENTERDEN NSW 2365
1809, THE BASIN NSW 2365
1810, TUBBAMURRA NSW 2365
1811, WANDSWORTH NSW 2365
1812, OLD MILL NSW 2369
1813, STANNIFER NSW 2369
1814, TINGHA NSW 2369
1815, BALD NOB NSW 2370
1816, DIEHARD NSW 2370
1817, DUNDEE NSW 2370
1818, FURRACABAD NSW 2370
1819, GIBRALTAR RANGE NSW 2370
1820, GLEN ELGIN NSW 2370
1821, GLEN INNES NSW 2370
1822, KINGSGATE NSW 2370
1823, KOOKABOOKRA NSW 2370
1824, LAMBS VALLEY NSW 2370
1825, MATHESON NSW 2370
1826, MOGGS SWAMP NSW 2370
1827, MOOGEM NSW 2370
1828, MORVEN NSW 2370
1829, NEWTON BOYD NSW 2370
1830, PINKETT NSW 2370
1831, RANGERS VALLEY NSW 2370
1832, RED RANGE NSW 2370
1833, REDDESTONE NSW 2370
1834, SHANNON VALE NSW 2370
1835, SWAN VALE NSW 2370
1836, WELLINGROVE NSW 2370
1837, YARROWFORD NSW 2370
1838, CAPOOMPETA NSW 2371
1839, DEEPWATER NSW 2371
1840, EMMAVILLE NSW 2371
1841, ROCKY CREEK NSW 2371
1842, STANNUM NSW 2371
1843, TENT HILL NSW 2371
1844, THE GULF NSW 2371
1845, TORRINGTON NSW 2371
1846, WELLINGTON VALE NSW 2371
1847, YELLOW DAM NSW 2371
1848, BACK CREEK NSW 2372
1849, BILLYRIMBA NSW 2372
1850, BLACK SWAMP NSW 2372
1851, BLUFF ROCK NSW 2372
1852, BOLIVIA NSW 2372
1853, BOONOO BOONOO NSW 2372
1854, BOOROOK NSW 2372
1855, BRYANS GAP NSW 2372
1856, BUNGULLA NSW 2372
1857, CARROLLS CREEK NSW 2372
1858, CULLENDORE NSW 2372
1859, JENNINGS NSW 2372
1860, LEECHS GULLY NSW 2372
1861, LISTON NSW 2372
1862, MINGOOLA NSW 2372
1863, MOLE RIVER NSW 2372
1864, MOUNT MACKENZIE NSW 2372
1865, PYES CREEK NSW 2372
1866, RIVERTREE NSW 2372
1867, ROCKY RIVER NSW 2372
1868, SANDY FLAT NSW 2372
1869, SANDY HILL NSW 2372
1870, SILENT GROVE NSW 2372
1871, STEINBROOK NSW 2372
1872, SUNNYSIDE NSW 2372
1873, TARBAN NSW 2372
1874, TENTERFIELD NSW 2372
1875, THE SCRUB NSW 2372
1876, TIMBARRA NSW 2372
1877, WILLSONS DOWNFALL NSW 2372
1878, WYLIE CREEK NSW 2372
1879, GOOLHI NSW 2379
1880, MULLALEY NSW 2379
1881, NAPIER LANE NSW 2379
1882, NOMBI NSW 2379
1883, BLUE VALE NSW 2380
1884, EMERALD HILL NSW 2380
1885, GHOOLENDAADI NSW 2380
1886, GUNNEDAH NSW 2380
1887, KELVIN NSW 2380
1888, MARYS MOUNT NSW 2380
1889, MILROY NSW 2380
1890, ORANGE GROVE NSW 2380
1891, RANGARI NSW 2380
1892, BREEZA NSW 2381
1893, CURLEWIS NSW 2381
1894, PREMER NSW 2381
1895, TAMBAR SPRINGS NSW 2381
1896, BOGGABRI NSW 2382
1897, MAULES CREEK NSW 2382
1898, WEAN NSW 2382
1899, WILLALA NSW 2382
1900, BURREN JUNCTION NSW 2386
1901, DRILDOOL NSW 2386
1902, NOWLEY NSW 2386
1903, BULYEROI NSW 2387
1904, ROWENA NSW 2387
1905, BOOLCARROLL NSW 2388
1906, CUTTABRI NSW 2388
1907, JEWS LAGOON NSW 2388
1908, MERAH NORTH NSW 2388
1909, PILLIGA NSW 2388
1910, SPRING PLAINS NSW 2388
1911, THE PILLIGA NSW 2388
1912, WEE WAA NSW 2388
1913, YARRIE LAKE NSW 2388
1914, BAAN BAA NSW 2390
1915, BACK CREEK NSW 2390
1916, BERRIGAL NSW 2390
1917, BOHENA CREEK NSW 2390
1918, BULLAWA CREEK NSW 2390
1919, COURADDA NSW 2390
1920, EDGEROI NSW 2390
1921, EULAH CREEK NSW 2390
1922, HARPARARY NSW 2390
1923, JACKS CREEK NSW 2390
1924, KAPUTAR NSW 2390
1925, NARRABRI NSW 2390
1926, NARRABRI WEST NSW 2390
1927, ROCKY CREEK NSW 2390
1928, TARRIARO NSW 2390
1929, TURRAWAN NSW 2390
1930, BINNAWAY NSW 2395
1931, ROPERS ROAD NSW 2395
1932, WEETALIBA NSW 2395
1933, BARADINE NSW 2396
1934, BARWON NSW 2396
1935, GOORIANAWA NSW 2396
1936, KENEBRI NSW 2396
1937, BELLATA NSW 2397
1938, MILLIE NSW 2397
1939, THALABA NSW 2397
1940, GURLEY NSW 2398
1941, BINIGUY NSW 2399
1942, PALLAMALLAWA NSW 2399
1943, ASHLEY NSW 2400
1944, BULLARAH NSW 2400
1945, CROOBLE NSW 2400
1946, MALLOWA NSW 2400
1947, MOREE NSW 2400
1948, MOREE EAST NSW 2400
1949, TERRY HIE HIE NSW 2400
1950, TULLOONA NSW 2400
1951, YARRAMAN NSW 2400
1952, GRAVESEND NSW 2401
1953, BALFOURS PEAK NSW 2402
1954, COOLATAI NSW 2402
1955, WARIALDA NSW 2402
1956, WARIALDA RAIL NSW 2402
1957, DELUNGRA NSW 2403
1958, GRAGIN NSW 2403
1959, MYALL CREEK NSW 2403
1960, BANGHEET NSW 2404
1961, BINGARA NSW 2404
1962, DINOGA NSW 2404
1963, ELCOMBE NSW 2404
1964, GINEROI NSW 2404
1965, KEERA NSW 2404
1966, PALLAL NSW 2404
1967, RIVERVIEW NSW 2404
1968, UPPER BINGARA NSW 2404
1969, BOOMI NSW 2405
1970, GARAH NSW 2405
1971, MUNGINDI NSW 2406
1972, WEEMELAH NSW 2406
1973, NORTH STAR NSW 2408
1974, BOGGABILLA NSW 2409
1975, BOONAL NSW 2409
1976, BLUE NOBBY NSW 2410
1977, TWIN RIVERS NSW 2410
1978, YETMAN NSW 2410
1979, CROPPA CREEK NSW 2411
1980, YALLAROI NSW 2411
1981, MONKERAI NSW 2415
1982, NOOROO NSW 2415
1983, STROUD ROAD NSW 2415
1984, UPPER KARUAH RIVER NSW 2415
1985, WEISMANTELS NSW 2415
1986, ALISON NSW 2420
1987, BANDON GROVE NSW 2420
1988, BENDOLBA NSW 2420
1989, BROOKFIELD NSW 2420
1990, CAMBRA NSW 2420
1991, CHICHESTER NSW 2420
1992, DUNGOG NSW 2420
1993, FLAT TOPS NSW 2420
1994, FOSTERTON NSW 2420
1995, HANLEYS CREEK NSW 2420
1996, HILLDALE NSW 2420
1997, MAIN CREEK NSW 2420
1998, MARSHDALE NSW 2420
1999, MARTINS CREEK NSW 2420
2000, MUNNI NSW 2420
2001, SALISBURY NSW 2420
2002, STROUD HILL NSW 2420
2003, SUGARLOAF NSW 2420
2004, TABBIL CREEK NSW 2420
2005, UNDERBANK NSW 2420
2006, WALLARINGA NSW 2420
2007, WALLAROBBA NSW 2420
2008, WIRRAGULLA NSW 2420
2009, FISHERS HILL NSW 2421
2010, PATERSON NSW 2421
2011, TOCAL NSW 2421
2012, TORRYBURN NSW 2421
2013, VACY NSW 2421
2014, WEBBERS CREEK NSW 2421
2015, BACK CREEK NSW 2422
2016, BAKERS CREEK NSW 2422
2017, BARRINGTON NSW 2422
2018, BARRINGTON TOPS NSW 2422
2019, BAXTERS RIDGE NSW 2422
2020, BELBORA NSW 2422
2021, BERRICO NSW 2422
2022, BINDERA NSW 2422
2023, BOWMAN NSW 2422
2024, BOWMAN FARM NSW 2422
2025, BRETTI NSW 2422
2026, BULLIAC NSW 2422
2027, BUNDOOK NSW 2422
2028, CALLAGHANS CREEK NSW 2422
2029, COBARK NSW 2422
2030, CONEAC NSW 2422
2031, COPELAND NSW 2422
2032, CRAVEN NSW 2422
2033, CRAVEN PLATEAU NSW 2422
2034, CURRICABARK NSW 2422
2035, DEWITT NSW 2422
2036, FAULKLAND NSW 2422
2037, FORBESDALE NSW 2422
2038, GANGAT NSW 2422
2039, GIRO NSW 2422
2040, GLEN WARD NSW 2422
2041, GLOUCESTER NSW 2422
2042, GLOUCESTER TOPS NSW 2422
2043, INVERGORDON NSW 2422
2044, KIA ORA NSW 2422
2045, MARES RUN NSW 2422
2046, MERNOT NSW 2422
2047, MOGRANI NSW 2422
2048, MOPPY NSW 2422
2049, RAWDON VALE NSW 2422
2050, ROOKHURST NSW 2422
2051, STRATFORD NSW 2422
2052, TERREEL NSW 2422
2053, TIBBUC NSW 2422
2054, TITAATEE CREEK NSW 2422
2055, TUGRABAKH NSW 2422
2056, UPPER BOWMAN NSW 2422
2057, WALLANBAH NSW 2422
2058, WARDS RIVER NSW 2422
2059, WAUKIVORY NSW 2422
2060, WOKO NSW 2422
2061, BOMBAH POINT NSW 2423
2062, BOOLAMBAYTE NSW 2423
2063, BULAHDELAH NSW 2423
2064, BUNGWAHL NSW 2423
2065, COOLONGOLOOK NSW 2423
2066, CRAWFORD RIVER NSW 2423
2067, MARKWELL NSW 2423
2068, MAYERS FLAT NSW 2423
2069, MUNGO BRUSH NSW 2423
2070, MYALL LAKE NSW 2423
2071, NERONG NSW 2423
2072, SEAL ROCKS NSW 2423
2073, TOPI TOPI NSW 2423
2074, UPPER MYALL NSW 2423
2075, VIOLET HILL NSW 2423
2076, WALLINGAT NSW 2423
2077, WANG WAUK NSW 2423
2078, WARRANULLA NSW 2423
2079, WILLINA NSW 2423
2080, WOOTTON NSW 2423
2081, YAGON NSW 2423
2082, CAFFREYS FLAT NSW 2424
2083, CELLS RIVER NSW 2424
2084, COOPLACURRIPA NSW 2424
2085, CUNDLE FLAT NSW 2424
2086, KNORRIT FLAT NSW 2424
2087, MOUNT GEORGE NSW 2424
2088, NUMBER ONE NSW 2424
2089, TIRI NSW 2424
2090, ALLWORTH NSW 2425
2091, BOORAL NSW 2425
2092, GIRVAN NSW 2425
2093, STROUD NSW 2425
2094, THE BRANCH NSW 2425
2095, WASHPOOL NSW 2425
2096, COOPERNOOK NSW 2426
2097, LANGLEY VALE NSW 2426
2098, MOTO NSW 2426
2099, CROWDY HEAD NSW 2427
2100, HARRINGTON NSW 2427
2101, BLUEYS BEACH NSW 2428
2102, BOOMERANG BEACH NSW 2428
2103, BOOTI BOOTI NSW 2428
2104, CHARLOTTE BAY NSW 2428
2105, COOMBA BAY NSW 2428
2106, COOMBA PARK NSW 2428
2107, DARAWANK NSW 2428
2108, ELIZABETH BEACH NSW 2428
2109, FORSTER NSW 2428
2110, FORSTER SHOPPING VILLAGE NSW 2428
2111, GREEN POINT NSW 2428
2112, PACIFIC PALMS NSW 2428
2113, SANDBAR NSW 2428
2114, SHALLOW BAY NSW 2428
2115, SMITHS LAKE NSW 2428
2116, TARBUCK BAY NSW 2428
2117, TIONA NSW 2428
2118, TUNCURRY NSW 2428
2119, WALLIS LAKE NSW 2428
2120, WHOOTA NSW 2428
2121, BOBIN NSW 2429
2122, BOORGANNA NSW 2429
2123, BUCCA WAUKA NSW 2429
2124, BULGA FOREST NSW 2429
2125, BUNYAH NSW 2429
2126, BURRELL CREEK NSW 2429
2127, CAPARRA NSW 2429
2128, CEDAR PARTY NSW 2429
2129, COMBOYNE NSW 2429
2130, DINGO FOREST NSW 2429
2131, DOLLYS FLAT NSW 2429
2132, DYERS CROSSING NSW 2429
2133, ELANDS NSW 2429
2134, FIREFLY NSW 2429
2135, INNES VIEW NSW 2429
2136, KARAAK FLAT NSW 2429
2137, KILLABAKH NSW 2429
2138, KILLAWARRA NSW 2429
2139, KIMBRIKI NSW 2429
2140, KIPPAXS NSW 2429
2141, KRAMBACH NSW 2429
2142, KUNDIBAKH NSW 2429
2143, MARLEE NSW 2429
2144, MOORAL CREEK NSW 2429
2145, STRATHCEDAR NSW 2429
2146, THE BIGHT NSW 2429
2147, TIPPERARY NSW 2429
2148, WHERROL FLAT NSW 2429
2149, WINGHAM NSW 2429
2150, YARRATT FOREST NSW 2429
2151, BLACK HEAD NSW 2430
2152, BOHNOCK NSW 2430
2153, BOOTAWA NSW 2430
2154, BRIMBIN NSW 2430
2155, CHATHAM NSW 2430
2156, CROKI NSW 2430
2157, CUNDLETOWN NSW 2430
2158, DIAMOND BEACH NSW 2430
2159, DUMARESQ ISLAND NSW 2430
2160, FAILFORD NSW 2430
2161, GHINNI GHINNI NSW 2430
2162, GLENTHORNE NSW 2430
2163, HALLIDAYS POINT NSW 2430
2164, HILLVILLE NSW 2430
2165, JONES ISLAND NSW 2430
2166, KIWARRAK NSW 2430
2167, KOORAINGHAT NSW 2430
2168, KUNDLE KUNDLE NSW 2430
2169, LANSDOWNE NSW 2430
2170, LANSDOWNE FOREST NSW 2430
2171, MANNING POINT NSW 2430
2172, MELINGA NSW 2430
2173, MITCHELLS ISLAND NSW 2430
2174, MONDROOK NSW 2430
2175, OLD BAR NSW 2430
2176, OXLEY ISLAND NSW 2430
2177, PAMPOOLAH NSW 2430
2178, POSSUM BRUSH NSW 2430
2179, PURFLEET NSW 2430
2180, RAINBOW FLAT NSW 2430
2181, RED HEAD NSW 2430
2182, SALTWATER NSW 2430
2183, TALLWOODS VILLAGE NSW 2430
2184, TAREE NSW 2430
2185, TAREE SOUTH NSW 2430
2186, TINONEE NSW 2430
2187, UPPER LANSDOWNE NSW 2430
2188, WALLABI POINT NSW 2430
2189, ARAKOON NSW 2431
2190, JERSEYVILLE NSW 2431
2191, SOUTH WEST ROCKS NSW 2431
2192, BATAR CREEK NSW 2439
2193, BLACK CREEK NSW 2439
2194, BOBS CREEK NSW 2439
2195, KENDALL NSW 2439
2196, KEREWONG NSW 2439
2197, KEW NSW 2439
2198, LOGANS CROSSING NSW 2439
2199, LORNE NSW 2439
2200, ROSSGLEN NSW 2439
2201, SWANS CROSSING NSW 2439
2202, UPSALLS CREEK NSW 2439
2203, ALDAVILLA NSW 2440
2204, AUSTRAL EDEN NSW 2440
2205, BELLBROOK NSW 2440
2206, BELLIMBOPINNI NSW 2440
2207, BELMORE RIVER NSW 2440
2208, BURNT BRIDGE NSW 2440
2209, CARRAI NSW 2440
2210, CLYBUCCA NSW 2440
2211, COLLOMBATTI NSW 2440
2212, COMARA NSW 2440
2213, CORANGULA NSW 2440
2214, CRESCENT HEAD NSW 2440
2215, DEEP CREEK NSW 2440
2216, DONDINGALONG NSW 2440
2217, EAST KEMPSEY NSW 2440
2218, EUROKA NSW 2440
2219, FREDERICKTON NSW 2440
2220, GLADSTONE NSW 2440
2221, GREENHILL NSW 2440
2222, HAMPDEN HALL NSW 2440
2223, HAT HEAD NSW 2440
2224, HICKEYS CREEK NSW 2440
2225, KEMPSEY NSW 2440
2226, KINCHELA NSW 2440
2227, LOWER CREEK NSW 2440
2228, MILLBANK NSW 2440
2229, MOONEBA NSW 2440
2230, MOPARRABAH NSW 2440
2231, MUNGAY CREEK NSW 2440
2232, OLD STATION NSW 2440
2233, POLA CREEK NSW 2440
2234, RAINBOW REACH NSW 2440
2235, SEVEN OAKS NSW 2440
2236, SHERWOOD NSW 2440
2237, SKILLION FLAT NSW 2440
2238, SMITHTOWN NSW 2440
2239, SOUTH KEMPSEY NSW 2440
2240, SUMMER ISLAND NSW 2440
2241, TEMAGOG NSW 2440
2242, TOOROOKA NSW 2440
2243, TURNERS FLAT NSW 2440
2244, VERGES CREEK NSW 2440
2245, WEST KEMPSEY NSW 2440
2246, WILLAWARRIN NSW 2440
2247, WILLI WILLI NSW 2440
2248, WITTITRIN NSW 2440
2249, YARRAVEL NSW 2440
2250, YESSABAH NSW 2440
2251, ALLGOMERA NSW 2441
2252, BALLENGARRA NSW 2441
2253, BARRAGANYATTI NSW 2441
2254, BONVILLE NSW 2441
2255, BRIL BRIL NSW 2441
2256, BRINERVILLE NSW 2441
2257, COOPERABUNG NSW 2441
2258, EUNGAI CREEK NSW 2441
2259, EUNGAI RAIL NSW 2441
2260, FISHERMANS REACH NSW 2441
2261, GRASSY HEAD NSW 2441
2262, GUM SCRUB NSW 2441
2263, HACKS FERRY NSW 2441
2264, KIPPARA NSW 2441
2265, KUNDABUNG NSW 2441
2266, ROLLANDS PLAINS NSW 2441
2267, STUARTS POINT NSW 2441
2268, TAMBAN NSW 2441
2269, TELEGRAPH POINT NSW 2441
2270, UPPER ROLLANDS PLAINS NSW 2441
2271, YARRAHAPINNI NSW 2441
2272, BOBS CREEK NSW 2443
2273, CAMDEN HEAD NSW 2443
2274, CORALVILLE NSW 2443
2275, DEAUVILLE NSW 2443
2276, DIAMOND HEAD NSW 2443
2277, DUNBOGAN NSW 2443
2278, HANNAM VALE NSW 2443
2279, HERONS CREEK NSW 2443
2280, JOHNS RIVER NSW 2443
2281, LAKEWOOD NSW 2443
2282, LAURIETON NSW 2443
2283, MIDDLE BROTHER NSW 2443
2284, MOORLAND NSW 2443
2285, NORTH BROTHER NSW 2443
2286, NORTH HAVEN NSW 2443
2287, STEWARTS RIVER NSW 2443
2288, WAITUI NSW 2443
2289, WEST HAVEN NSW 2443
2290, BLACKMANS POINT NSW 2444
2291, FERNBANK CREEK NSW 2444
2292, FLYNNS BEACH NSW 2444
2293, LIGHTHOUSE BEACH NSW 2444
2294, LIMEBURNERS CREEK NSW 2444
2295, NORTH SHORE NSW 2444
2296, PORT MACQUARIE NSW 2444
2297, RIVERSIDE NSW 2444
2298, SETTLEMENT CITY NSW 2444
2299, THE HATCH NSW 2444
2300, THRUMSTER NSW 2444
2301, BONNY HILLS NSW 2445
2302, GRANTS BEACH NSW 2445
2303, JOLLY NOSE NSW 2445
2304, LAKE CATHIE NSW 2445
2305, BAGNOO NSW 2446
2306, BAGO NSW 2446
2307, BANDA BANDA NSW 2446
2308, BEECHWOOD NSW 2446
2309, BELLANGRY NSW 2446
2310, BIRDWOOD NSW 2446
2311, BROMBIN NSW 2446
2312, BYABARRA NSW 2446
2313, CAIRNCROSS NSW 2446
2314, CROSSLANDS NSW 2446
2315, DEBENHAM NSW 2446
2316, DOYLES RIVER NSW 2446
2317, ELLENBOROUGH NSW 2446
2318, FORBES RIVER NSW 2446
2319, FRAZERS CREEK NSW 2446
2320, GEARYS FLAT NSW 2446
2321, HARTYS PLAINS NSW 2446
2322, HOLLISDALE NSW 2446
2323, HUNTINGDON NSW 2446
2324, HYNDMANS CREEK NSW 2446
2325, KINDEE NSW 2446
2326, KING CREEK NSW 2446
2327, LAKE INNES NSW 2446
2328, LONG FLAT NSW 2446
2329, LOWER PAPPINBARRA NSW 2446
2330, MARLO MERRICAN NSW 2446
2331, MORTONS CREEK NSW 2446
2332, MOUNT SEAVIEW NSW 2446
2333, PAPPINBARRA NSW 2446
2334, PEMBROOKE NSW 2446
2335, PIPECLAY NSW 2446
2336, RAWDON ISLAND NSW 2446
2337, REDBANK NSW 2446
2338, ROSEWOOD NSW 2446
2339, SANCROX NSW 2446
2340, TOMS CREEK NSW 2446
2341, UPPER PAPPINBARRA NSW 2446
2342, WAUCHOPE NSW 2446
2343, WERRIKIMBE NSW 2446
2344, YARRAS NSW 2446
2345, YIPPIN CREEK NSW 2446
2346, BAKERS CREEK NSW 2447
2347, BURRAPINE NSW 2447
2348, CONGARINNI NSW 2447
2349, CONGARINNI NORTH NSW 2447
2350, DONNELLYVILLE NSW 2447
2351, GUMMA NSW 2447
2352, MACKSVILLE NSW 2447
2353, NEWEE CREEK NSW 2447
2354, NORTH MACKSVILLE NSW 2447
2355, SCOTTS HEAD NSW 2447
2356, TALARM NSW 2447
2357, TAYLORS ARM NSW 2447
2358, THUMB CREEK NSW 2447
2359, UPPER TAYLORS ARM NSW 2447
2360, UTUNGUN NSW 2447
2361, WARRELL CREEK NSW 2447
2362, WAY WAY NSW 2447
2363, WIRRIMBI NSW 2447
2364, YARRANBELLA NSW 2447
2365, HYLAND PARK NSW 2448
2366, NAMBUCCA HEADS NSW 2448
2367, VALLA NSW 2448
2368, VALLA BEACH NSW 2448
2369, ARGENTS HILL NSW 2449
2370, BOWRAVILLE NSW 2449
2371, BUCKRA BENDINNI NSW 2449
2372, GIRRALONG NSW 2449
2373, KENNAICLE CREEK NSW 2449
2374, MISSABOTTI NSW 2449
2375, SOUTH ARM NSW 2449
2376, TEWINGA NSW 2449
2377, BOAMBEE NSW 2450
2378, BROOKLANA NSW 2450
2379, BUCCA NSW 2450
2380, COFFS HARBOUR NSW 2450
2381, COFFS HARBOUR JETTY NSW 2450
2382, COFFS HARBOUR PLAZA NSW 2450
2383, CORAMBA NSW 2450
2384, GLENREAGH NSW 2450
2385, KARANGI NSW 2450
2386, KORORA NSW 2450
2387, LOWANNA NSW 2450
2388, MOONEE BEACH NSW 2450
2389, NANA GLEN NSW 2450
2390, NORTH BOAMBEE VALLEY NSW 2450
2391, SAPPHIRE BEACH NSW 2450
2392, SHERWOOD NSW 2450
2393, ULONG NSW 2450
2394, UPPER ORARA NSW 2450
2395, BOAMBEE EAST NSW 2452
2396, SAWTELL NSW 2452
2397, TOORMINA NSW 2452
2398, BILLYS CREEK NSW 2453
2399, BOSTOBRICK NSW 2453
2400, CASCADE NSW 2453
2401, CLOUDS CREEK NSW 2453
2402, DEER VALE NSW 2453
2403, DORRIGO NSW 2453
2404, DORRIGO MOUNTAIN NSW 2453
2405, DUNDURRABIN NSW 2453
2406, EBOR NSW 2453
2407, FERNBROOK NSW 2453
2408, HARNESS CASK NSW 2453
2409, HERNANI NSW 2453
2410, MARENGO NSW 2453
2411, MEGAN NSW 2453
2412, MELDRUM DOWNS NSW 2453
2413, MOONPAR NSW 2453
2414, NEVER NEVER NSW 2453
2415, NORTH DORRIGO NSW 2453
2416, PADDYS PLAIN NSW 2453
2417, TALLOWWOOD RIDGE NSW 2453
2418, TYRINGHAM NSW 2453
2419, WILD CATTLE CREEK NSW 2453
2420, BELLINGEN NSW 2454
2421, BIELSDOWN HILLS NSW 2454
2422, BRIERFIELD NSW 2454
2423, BUFFER CREEK NSW 2454
2424, BUNDAGEN NSW 2454
2425, DARKWOOD NSW 2454
2426, FERNMOUNT NSW 2454
2427, GLENIFFER NSW 2454
2428, KALANG NSW 2454
2429, KOOROOWI NSW 2454
2430, MARX HILL NSW 2454
2431, MYLESTOM NSW 2454
2432, NORTH BELLINGEN NSW 2454
2433, PROMISED LAND NSW 2454
2434, RALEIGH NSW 2454
2435, REPTON NSW 2454
2436, SCOTCHMAN NSW 2454
2437, THORA NSW 2454
2438, VALERY NSW 2454
2439, NEWRY NSW 2455
2440, NEWRY ISLAND NSW 2455
2441, SPICKETTS CREEK NSW 2455
2442, URUNGA NSW 2455
2443, WENONAH HEAD NSW 2455
2444, ARRAWARRA NSW 2456
2445, ARRAWARRA HEADLAND NSW 2456
2446, CORINDI BEACH NSW 2456
2447, EMERALD BEACH NSW 2456
2448, MULLAWAY NSW 2456
2449, RED ROCK NSW 2456
2450, SAFETY BEACH NSW 2456
2451, SANDY BEACH NSW 2456
2452, UPPER CORINDI NSW 2456
2453, WOOLGOOLGA NSW 2456
2454, ALICE NSW 2460
2455, ALUMY CREEK NSW 2460
2456, BARCOONGERE NSW 2460
2457, BARRETTS CREEK NSW 2460
2458, BARYULGIL NSW 2460
2459, BLAXLANDS CREEK NSW 2460
2460, BOM BOM NSW 2460
2461, BOOKRAM NSW 2460
2462, BRAUNSTONE NSW 2460
2463, BRUSHGROVE NSW 2460
2464, BUCCARUMBI NSW 2460
2465, CALAMIA NSW 2460
2466, CANGAI NSW 2460
2467, CARNHAM NSW 2460
2468, CARRS CREEK NSW 2460
2469, CARRS ISLAND NSW 2460
2470, CARRS PENINSULAR NSW 2460
2471, CHAELUNDI NSW 2460
2472, CHAMBIGNE NSW 2460
2473, CLARENZA NSW 2460
2474, CLIFDEN NSW 2460
2475, COALDALE NSW 2460
2476, COLLUM COLLUM NSW 2460
2477, COOMBADJHA NSW 2460
2478, COPMANHURST NSW 2460
2479, COUTTS CROSSING NSW 2460
2480, COWPER NSW 2460
2481, CROWTHER ISLAND NSW 2460
2482, DALMORTON NSW 2460
2483, DILKOON NSW 2460
2484, DIRTY CREEK NSW 2460
2485, DUMBUDGERY NSW 2460
2486, EATONSVILLE NSW 2460
2487, EIGHTEEN MILE NSW 2460
2488, ELLAND NSW 2460
2489, FINE FLOWER NSW 2460
2490, FORTIS CREEK NSW 2460
2491, GLENUGIE NSW 2460
2492, GRAFTON NSW 2460
2493, GRAFTON WEST NSW 2460
2494, GREAT MARLOW NSW 2460
2495, GURRANANG NSW 2460
2496, HALFWAY CREEK NSW 2460
2497, HEIFER STATION NSW 2460
2498, JACKADGERY NSW 2460
2499, JUNCTION HILL NSW 2460
2500, KANGAROO CREEK NSW 2460
2501, KEYBARBIN NSW 2460
2502, KOOLKHAN NSW 2460
2503, KREMNOS NSW 2460
2504, KUNGALA NSW 2460
2505, KYARRAN NSW 2460
2506, LANITZA NSW 2460
2507, LAWRENCE NSW 2460
2508, LEVENSTRATH NSW 2460
2509, LILYDALE NSW 2460
2510, LIONSVILLE NSW 2460
2511, LOWER SOUTHGATE NSW 2460
2512, MALABUGILMAH NSW 2460
2513, MOLEVILLE CREEK NSW 2460
2514, MOUNTAIN VIEW NSW 2460
2515, MYLNEFORD NSW 2460
2516, NEWBOLD NSW 2460
2517, NYMBOIDA NSW 2460
2518, PULGANBAR NSW 2460
2519, PUNCHBOWL NSW 2460
2520, RAMORNIE NSW 2460
2521, RUSHFORTH NSW 2460
2522, SANDY CROSSING NSW 2460
2523, SEELANDS NSW 2460
2524, SHANNONDALE NSW 2460
2525, SMITHS CREEK NSW 2460
2526, SOUTH ARM NSW 2460
2527, SOUTH GRAFTON NSW 2460
2528, SOUTHAMPTON NSW 2460
2529, SOUTHGATE NSW 2460
2530, STOCKYARD CREEK NSW 2460
2531, THE PINNACLES NSW 2460
2532, THE WHITEMAN NSW 2460
2533, TOWALLUM NSW 2460
2534, TRENAYR NSW 2460
2535, TYNDALE NSW 2460
2536, UPPER COPMANHURST NSW 2460
2537, UPPER FINE FLOWER NSW 2460
2538, WARRAGAI CREEK NSW 2460
2539, WASHPOOL NSW 2460
2540, WATERVIEW NSW 2460
2541, WATERVIEW HEIGHTS NSW 2460
2542, WELLS CROSSING NSW 2460
2543, WHITEMAN CREEK NSW 2460
2544, WINEGROVE NSW 2460
2545, WOMBAT CREEK NSW 2460
2546, CALLIOPE NSW 2462
2547, COLDSTREAM NSW 2462
2548, DIGGERS CAMP NSW 2462
2549, GILLETTS RIDGE NSW 2462
2550, LAKE HIAWATHA NSW 2462
2551, LAVADIA NSW 2462
2552, MINNIE WATER NSW 2462
2553, PILLAR VALLEY NSW 2462
2554, SWAN CREEK NSW 2462
2555, TUCABIA NSW 2462
2556, ULMARRA NSW 2462
2557, WOOLI NSW 2462
2558, ASHBY NSW 2463
2559, ASHBY HEIGHTS NSW 2463
2560, ASHBY ISLAND NSW 2463
2561, BROOMS HEAD NSW 2463
2562, GULMARRAD NSW 2463
2563, ILARWILL NSW 2463
2564, JACKY BULBIN FLAT NSW 2463
2565, JAMES CREEK NSW 2463
2566, MACLEAN NSW 2463
2567, PALMERS CHANNEL NSW 2463
2568, PALMERS ISLAND NSW 2463
2569, SANDON NSW 2463
2570, SHARK CREEK NSW 2463
2571, TALOUMBI NSW 2463
2572, THE SANDON NSW 2463
2573, TOWNSEND NSW 2463
2574, TULLYMORGAN NSW 2463
2575, WOODFORD NSW 2463
2576, ANGOURIE NSW 2464
2577, FREEBURN ISLAND NSW 2464
2578, MICALO ISLAND NSW 2464
2579, WOOLOWEYAH NSW 2464
2580, YAMBA NSW 2464
2581, YURAYGIR NSW 2464
2582, HARWOOD NSW 2465
2583, ILUKA NSW 2466
2584, THE FRESHWATER NSW 2466
2585, WOODY HEAD NSW 2466
2586, BANYABBA NSW 2469
2587, BEAN CREEK NSW 2469
2588, BINGEEBEEBRA CREEK NSW 2469
2589, BONALBO NSW 2469
2590, BOOMOODEERIE NSW 2469
2591, BOTTLE CREEK NSW 2469
2592, BULLDOG NSW 2469
2593, BUNGAWALBIN NSW 2469
2594, BUSBYS FLAT NSW 2469
2595, CAMBRIDGE PLATEAU NSW 2469
2596, CAMIRA NSW 2469
2597, CAPEEN CREEK NSW 2469
2598, CHATSWORTH NSW 2469
2599, CLEARFIELD NSW 2469
2600, COONGBAR NSW 2469
2601, CULMARAN CREEK NSW 2469
2602, DEEP CREEK NSW 2469
2603, DRAKE NSW 2469
2604, DRAKE VILLAGE NSW 2469
2605, DUCK CREEK NSW 2469
2606, EWINGAR NSW 2469
2607, GIBBERAGEE NSW 2469
2608, GOODWOOD ISLAND NSW 2469
2609, GORGE CREEK NSW 2469
2610, HAYSTACK NSW 2469
2611, HOGARTH RANGE NSW 2469
2612, JACKSONS FLAT NSW 2469
2613, JOES BOX NSW 2469
2614, KIPPENDUFF NSW 2469
2615, LOUISA CREEK NSW 2469
2616, LOWER BOTTLE CREEK NSW 2469
2617, LOWER DUCK CREEK NSW 2469
2618, LOWER PEACOCK NSW 2469
2619, MALLANGANEE NSW 2469
2620, MOOKIMA WYBRA NSW 2469
2621, MORORO NSW 2469
2622, MOUNT MARSH NSW 2469
2623, MUMMULGUM NSW 2469
2624, MYRTLE CREEK NSW 2469
2625, OLD BONALBO NSW 2469
2626, PADDYS FLAT NSW 2469
2627, PAGANS FLAT NSW 2469
2628, PEACOCK CREEK NSW 2469
2629, PIKAPENE NSW 2469
2630, PRETTY GULLY NSW 2469
2631, RAPPVILLE NSW 2469
2632, SANDILANDS NSW 2469
2633, SIMPKINS CREEK NSW 2469
2634, SIX MILE SWAMP NSW 2469
2635, TABULAM NSW 2469
2636, THERESA CREEK NSW 2469
2637, TUNGLEBUNG NSW 2469
2638, UPPER DUCK CREEK NSW 2469
2639, WARREGAH ISLAND NSW 2469
2640, WHIPORIE NSW 2469
2641, WOOMBAH NSW 2469
2642, WYAN NSW 2469
2643, YABBRA NSW 2469
2644, BABYL CREEK NSW 2470
2645, BACKMEDE NSW 2470
2646, BARAIMAL NSW 2470
2647, CASINO NSW 2470
2648, COOMBELL NSW 2470
2649, DOBIES BIGHT NSW 2470
2650, DOUBTFUL CREEK NSW 2470
2651, DYRAABA NSW 2470
2652, ELLANGOWAN NSW 2470
2653, FAIRY HILL NSW 2470
2654, IRVINGTON NSW 2470
2655, LEEVILLE NSW 2470
2656, LOWER DYRAABA NSW 2470
2657, MONGOGARIE NSW 2470
2658, NAUGHTONS GAP NSW 2470
2659, NORTH CASINO NSW 2470
2660, PIORA NSW 2470
2661, SEXTONVILLE NSW 2470
2662, SHANNON BROOK NSW 2470
2663, SPRING GROVE NSW 2470
2664, STRATHEDEN NSW 2470
2665, UPPER MONGOGARIE NSW 2470
2666, WOODVIEW NSW 2470
2667, WOOLNERS ARM NSW 2470
2668, WOOROOWOOLGAN NSW 2470
2669, YORKLEA NSW 2470
2670, BORA RIDGE NSW 2471
2671, CODRINGTON NSW 2471
2672, CORAKI NSW 2471
2673, EAST CORAKI NSW 2471
2674, GREEN FOREST NSW 2471
2675, GREENRIDGE NSW 2471
2676, NORTH WOODBURN NSW 2471
2677, SWAN BAY NSW 2471
2678, TATHAM NSW 2471
2679, BROADWATER NSW 2472
2680, BUCKENDOON NSW 2472
2681, ESK NSW 2472
2682, KILGIN NSW 2472
2683, NEW ITALY NSW 2472
2684, RILEYS HILL NSW 2472
2685, TABBIMOBLE NSW 2472
2686, WOODBURN NSW 2472
2687, DOONBAH NSW 2473
2688, EVANS HEAD NSW 2473
2689, IRON GATES NSW 2473
2690, SOUTH EVANS HEAD NSW 2473
2691, AFTERLEE NSW 2474
2692, BARKERS VALE NSW 2474
2693, BORDER RANGES NSW 2474
2694, CAWONGLA NSW 2474
2695, CEDAR POINT NSW 2474
2696, COLLINS CREEK NSW 2474
2697, COUGAL NSW 2474
2698, DAIRY FLAT NSW 2474
2699, EDEN CREEK NSW 2474
2700, EDENVILLE NSW 2474
2701, ETTRICK NSW 2474
2702, FAWCETTS PLAIN NSW 2474
2703, FINDON CREEK NSW 2474
2704, GENEVA NSW 2474
2705, GHINNI GHI NSW 2474
2706, GRADYS CREEK NSW 2474
2707, GREEN PIGEON NSW 2474
2708, GREVILLIA NSW 2474
2709, HOMELEIGH NSW 2474
2710, HORSE STATION CREEK NSW 2474
2711, HORSESHOE CREEK NSW 2474
2712, IRON POT CREEK NSW 2474
2713, KILGRA NSW 2474
2714, KYOGLE NSW 2474
2715, LITTLE BACK CREEK NSW 2474
2716, LOADSTONE NSW 2474
2717, LYNCHS CREEK NSW 2474
2718, NEW PARK NSW 2474
2719, OLD GREVILLIA NSW 2474
2720, ROSEBERRY NSW 2474
2721, ROSEBERRY CREEK NSW 2474
2722, RUKENVALE NSW 2474
2723, SAWPIT CREEK NSW 2474
2724, SHERWOOD NSW 2474
2725, SMITHS CREEK NSW 2474
2726, TERRACE CREEK NSW 2474
2727, THE RISK NSW 2474
2728, TOONUMBAR NSW 2474
2729, UNUMGAR NSW 2474
2730, UPPER EDEN CREEK NSW 2474
2731, UPPER HORSESHOE CREEK NSW 2474
2732, WADEVILLE NSW 2474
2733, WARRAZAMBIL CREEK NSW 2474
2734, WEST WIANGAREE NSW 2474
2735, WIANGAREE NSW 2474
2736, WYNEDEN NSW 2474
2737, TOOLOOM NSW 2475
2738, UPPER TOOLOOM NSW 2475
2739, URBENVILLE NSW 2475
2740, WALLABY CREEK NSW 2475
2741, ACACIA CREEK NSW 2476
2742, ACACIA PLATEAU NSW 2476
2743, BOOMI CREEK NSW 2476
2744, BRUMBY PLAINS NSW 2476
2745, KOREELAH NSW 2476
2746, LEGUME NSW 2476
2747, LINDESAY CREEK NSW 2476
2748, LOWER ACACIA CREEK NSW 2476
2749, MULI MULI NSW 2476
2750, OLD KOREELAH NSW 2476
2751, THE GLEN NSW 2476
2752, WOODENBONG NSW 2476
2753, ALSTONVALE NSW 2477
2754, ALSTONVILLE NSW 2477
2755, BAGOTVILLE NSW 2477
2756, CABBAGE TREE ISLAND NSW 2477
2757, DALWOOD NSW 2477
2758, EAST WARDELL NSW 2477
2759, GOAT ISLAND NSW 2477
2760, LYNWOOD NSW 2477
2761, MEERSCHAUM VALE NSW 2477
2762, PEARCES CREEK NSW 2477
2763, ROUS NSW 2477
2764, ROUS MILL NSW 2477
2765, TUCKOMBIL NSW 2477
2766, URALBA NSW 2477
2767, WARDELL NSW 2477
2768, WOLLONGBAR NSW 2477
2769, BALLINA NSW 2478
2770, COOLGARDIE NSW 2478
2771, CUMBALUM NSW 2478
2772, EAST BALLINA NSW 2478
2773, EMPIRE VALE NSW 2478
2774, KEITH HALL NSW 2478
2775, LENNOX HEAD NSW 2478
2776, PATCHS BEACH NSW 2478
2777, PIMLICO NSW 2478
2778, PIMLICO ISLAND NSW 2478
2779, SKENNARS HEAD NSW 2478
2780, SOUTH BALLINA NSW 2478
2781, TEVEN NSW 2478
2782, TINTENBAR NSW 2478
2783, WEST BALLINA NSW 2478
2784, BANGALOW NSW 2479
2785, BINNA BURRA NSW 2479
2786, BROOKLET NSW 2479
2787, COOPERS SHOOT NSW 2479
2788, COORABELL NSW 2479
2789, FERNLEIGH NSW 2479
2790, KNOCKROW NSW 2479
2791, MCLEODS SHOOT NSW 2479
2792, NASHUA NSW 2479
2793, NEWRYBAR NSW 2479
2794, OPOSSUM CREEK NSW 2479
2795, POSSUM CREEK NSW 2479
2796, BACK CREEK NSW 2480
2797, BENTLEY NSW 2480
2798, BEXHILL NSW 2480
2799, BLAKEBROOK NSW 2480
2800, BLUE KNOB NSW 2480
2801, BOAT HARBOUR NSW 2480
2802, BOOERIE CREEK NSW 2480
2803, BOORABEE PARK NSW 2480
2804, BOOYONG NSW 2480
2805, BUNGABBEE NSW 2480
2806, CANIABA NSW 2480
2807, CHILCOTTS GRASS NSW 2480
2808, CLOVASS NSW 2480
2809, CLUNES NSW 2480
2810, COFFEE CAMP NSW 2480
2811, CORNDALE NSW 2480
2812, DORROUGHBY NSW 2480
2813, DUNGARUBBA NSW 2480
2814, DUNOON NSW 2480
2815, EAST LISMORE NSW 2480
2816, ELTHAM NSW 2480
2817, EUREKA NSW 2480
2818, FERNSIDE NSW 2480
2819, GEORGICA NSW 2480
2820, GIRARDS HILL NSW 2480
2821, GOOLMANGAR NSW 2480
2822, GOONELLABAH NSW 2480
2823, HOWARDS GRASS NSW 2480
2824, JIGGI NSW 2480
2825, KEERRONG NSW 2480
2826, KOONORIGAN NSW 2480
2827, LAGOON GRASS NSW 2480
2828, LARNOOK NSW 2480
2829, LEYCESTER NSW 2480
2830, LILLIAN ROCK NSW 2480
2831, LINDENDALE NSW 2480
2832, LISMORE NSW 2480
2833, LISMORE HEIGHTS NSW 2480
2834, LOFTVILLE NSW 2480
2835, MAROM CREEK NSW 2480
2836, MCKEES HILL NSW 2480
2837, MCLEANS RIDGES NSW 2480
2838, MODANVILLE NSW 2480
2839, MONALTRIE NSW 2480
2840, MOUNTAIN TOP NSW 2480
2841, NIGHTCAP NSW 2480
2842, NIMBIN NSW 2480
2843, NORTH LISMORE NSW 2480
2844, NUMULGI NSW 2480
2845, REPENTANCE CREEK NSW 2480
2846, RICHMOND HILL NSW 2480
2847, ROCK VALLEY NSW 2480
2848, ROSEBANK NSW 2480
2849, RUTHVEN NSW 2480
2850, SOUTH GUNDURIMBA NSW 2480
2851, SOUTH LISMORE NSW 2480
2852, STONY CHUTE NSW 2480
2853, TERANIA CREEK NSW 2480
2854, THE CHANNON NSW 2480
2855, TREGEAGLE NSW 2480
2856, TUCKI TUCKI NSW 2480
2857, TUCKURIMBA NSW 2480
2858, TULLERA NSW 2480
2859, TUNCESTER NSW 2480
2860, TUNTABLE CREEK NSW 2480
2861, WHIAN WHIAN NSW 2480
2862, WOODLAWN NSW 2480
2863, WYRALLAH NSW 2480
2864, BROKEN HEAD NSW 2481
2865, BYRON BAY NSW 2481
2866, EWINGSDALE NSW 2481
2867, MYOCUM NSW 2481
2868, SKINNERS SHOOT NSW 2481
2869, SUFFOLK PARK NSW 2481
2870, TALOFA NSW 2481
2871, TYAGARAH NSW 2481
2872, GOONENGERRY NSW 2482
2873, HUONBROOK NSW 2482
2874, KOONYUM RANGE NSW 2482
2875, MAIN ARM NSW 2482
2876, MONTECOLLUM NSW 2482
2877, MULLUMBIMBY NSW 2482
2878, MULLUMBIMBY CREEK NSW 2482
2879, PALMWOODS NSW 2482
2880, UPPER COOPERS CREEK NSW 2482
2881, UPPER MAIN ARM NSW 2482
2882, UPPER WILSONS CREEK NSW 2482
2883, WANGANUI NSW 2482
2884, WILSONS CREEK NSW 2482
2885, BILLINUDGEL NSW 2483
2886, BRUNSWICK HEADS NSW 2483
2887, BURRINGBAR NSW 2483
2888, CRABBES CREEK NSW 2483
2889, MIDDLE POCKET NSW 2483
2890, MOOBALL NSW 2483
2891, NEW BRIGHTON NSW 2483
2892, OCEAN SHORES NSW 2483
2893, SLEEPY HOLLOW NSW 2483
2894, SOUTH GOLDEN BEACH NSW 2483
2895, THE POCKET NSW 2483
2896, UPPER BURRINGBAR NSW 2483
2897, WOOYUNG NSW 2483
2898, YELGUN NSW 2483
2899, BACK CREEK NSW 2484
2900, BRAY PARK NSW 2484
2901, BRAYS CREEK NSW 2484
2902, BYANGUM NSW 2484
2903, BYRRILL CREEK NSW 2484
2904, CEDAR CREEK NSW 2484
2905, CHILLINGHAM NSW 2484
2906, CHOWAN CREEK NSW 2484
2907, CLOTHIERS CREEK NSW 2484
2908, COMMISSIONERS CREEK NSW 2484
2909, CONDONG NSW 2484
2910, CRYSTAL CREEK NSW 2484
2911, CUDGERA CREEK NSW 2484
2912, DOON DOON NSW 2484
2913, DULGUIGAN NSW 2484
2914, DUM DUM NSW 2484
2915, DUNBIBLE NSW 2484
2916, DUNGAY NSW 2484
2917, EUNGELLA NSW 2484
2918, EVIRON NSW 2484
2919, FARRANTS HILL NSW 2484
2920, FERNVALE NSW 2484
2921, HOPKINS CREEK NSW 2484
2922, KIELVALE NSW 2484
2923, KUNGHUR NSW 2484
2924, KUNGHUR CREEK NSW 2484
2925, KYNNUMBOON NSW 2484
2926, LIMPINWOOD NSW 2484
2927, MEBBIN NSW 2484
2928, MIDGINBIL NSW 2484
2929, MOUNT BURRELL NSW 2484
2930, MOUNT WARNING NSW 2484
2931, MURWILLUMBAH NSW 2484
2932, MURWILLUMBAH SOUTH NSW 2484
2933, NOBBYS CREEK NSW 2484
2934, NORTH ARM NSW 2484
2935, NUMINBAH NSW 2484
2936, NUNDERI NSW 2484
2937, PALMVALE NSW 2484
2938, PUMPENBIL NSW 2484
2939, RESERVE CREEK NSW 2484
2940, ROUND MOUNTAIN NSW 2484
2941, ROWLANDS CREEK NSW 2484
2942, SMITHS CREEK NSW 2484
2943, SOUTH MURWILLUMBAH NSW 2484
2944, STOKERS SIDING NSW 2484
2945, TERRAGON NSW 2484
2946, TOMEWIN NSW 2484
2947, TYALGUM NSW 2484
2948, TYALGUM CREEK NSW 2484
2949, TYGALGAH NSW 2484
2950, UKI NSW 2484
2951, UPPER CRYSTAL CREEK NSW 2484
2952, URLIUP NSW 2484
2953, WARDROP VALLEY NSW 2484
2954, TWEED HEADS NSW 2485
2955, TWEED HEADS WEST NSW 2485
2956, BANORA POINT NSW 2486
2957, BILAMBIL NSW 2486
2958, BILAMBIL HEIGHTS NSW 2486
2959, BUNGALORA NSW 2486
2960, CAROOL NSW 2486
2961, COBAKI NSW 2486
2962, COBAKI LAKES NSW 2486
2963, DUROBY NSW 2486
2964, GLENGARRIE NSW 2486
2965, PIGGABEEN NSW 2486
2966, TERRANORA NSW 2486
2967, TWEED HEADS SOUTH NSW 2486
2968, UPPER DUROBY NSW 2486
2969, CASUARINA NSW 2487
2970, CHINDERAH NSW 2487
2971, CUDGEN NSW 2487
2972, DURANBAH NSW 2487
2973, FINGAL HEAD NSW 2487
2974, KINGS FOREST NSW 2487
2975, KINGSCLIFF NSW 2487
2976, STOTTS CREEK NSW 2487
2977, BOGANGAR NSW 2488
2978, CABARITA BEACH NSW 2488
2979, TANGLEWOOD NSW 2488
2980, HASTINGS POINT NSW 2489
2981, POTTSVILLE NSW 2489
2982, NORTH TUMBULGUM NSW 2490
2983, TUMBULGUM NSW 2490
2984, CONISTON NSW 2500
2985, GWYNNEVILLE NSW 2500
2986, KEIRAVILLE NSW 2500
2987, MANGERTON NSW 2500
2988, MOUNT KEIRA NSW 2500
2989, MOUNT SAINT THOMAS NSW 2500
2990, NORTH WOLLONGONG NSW 2500
2991, SPRING HILL NSW 2500
2992, WEST WOLLONGONG NSW 2500
2993, WOLLONGONG NSW 2500
2994, WOLLONGONG WEST NSW 2500
2995, CRINGILA NSW 2502
2996, LAKE HEIGHTS NSW 2502
2997, PRIMBEE NSW 2502
2998, WARRAWONG NSW 2502
2999, KEMBLAWARRA NSW 2505
3000, PORT KEMBLA NSW 2505
3001, BERKELEY NSW 2506
3002, COALCLIFF NSW 2508
3003, DARKES FOREST NSW 2508
3004, HELENSBURGH NSW 2508
3005, LILYVALE NSW 2508
3006, MADDENS PLAINS NSW 2508
3007, OTFORD NSW 2508
3008, STANWELL PARK NSW 2508
3009, STANWELL TOPS NSW 2508
3010, WORONORA DAM NSW 2508
3011, AUSTINMER NSW 2515
3012, CLIFTON NSW 2515
3013, COLEDALE NSW 2515
3014, SCARBOROUGH NSW 2515
3015, THIRROUL NSW 2515
3016, WOMBARRA NSW 2515
3017, BULLI NSW 2516
3018, RUSSELL VALE NSW 2517
3019, WOONONA NSW 2517
3020, WOONONA EAST NSW 2517
3021, BELLAMBI NSW 2518
3022, CORRIMAL NSW 2518
3023, CORRIMAL EAST NSW 2518
3024, EAST CORRIMAL NSW 2518
3025, TARRAWANNA NSW 2518
3026, TOWRADGI NSW 2518
3027, BALGOWNIE NSW 2519
3028, FAIRY MEADOW NSW 2519
3029, FERNHILL NSW 2519
3030, MOUNT OUSLEY NSW 2519
3031, MOUNT PLEASANT NSW 2519
3032, REIDTOWN NSW 2519
3033, WOLLONGONG NSW 2520
3034, UNIVERSITY OF WOLLONGONG NSW 2522
3035, FIGTREE NSW 2525
3036, CORDEAUX NSW 2526
3037, CORDEAUX HEIGHTS NSW 2526
3038, DOMBARTON NSW 2526
3039, FARMBOROUGH HEIGHTS NSW 2526
3040, KEMBLA GRANGE NSW 2526
3041, KEMBLA HEIGHTS NSW 2526
3042, MOUNT KEMBLA NSW 2526
3043, UNANDERRA NSW 2526
3044, ALBION PARK NSW 2527
3045, ALBION PARK RAIL NSW 2527
3046, CALDERWOOD NSW 2527
3047, CROOM NSW 2527
3048, NORTH MACQUARIE NSW 2527
3049, TONGARRA NSW 2527
3050, TULLIMBAR NSW 2527
3051, YELLOW ROCK NSW 2527
3052, BARRACK HEIGHTS NSW 2528
3053, BARRACK POINT NSW 2528
3054, LAKE ILLAWARRA NSW 2528
3055, MOUNT WARRIGAL NSW 2528
3056, WARILLA NSW 2528
3057, WINDANG NSW 2528
3058, BLACKBUTT NSW 2529
3059, DUNMORE NSW 2529
3060, FLINDERS NSW 2529
3061, OAK FLATS NSW 2529
3062, SHELL COVE NSW 2529
3063, SHELLHARBOUR NSW 2529
3064, SHELLHARBOUR CITY CENTRE NSW 2529
3065, AVONDALE NSW 2530
3066, BROWNSVILLE NSW 2530
3067, CLEVELAND NSW 2530
3068, DAPTO NSW 2530
3069, HAYWARDS BAY NSW 2530
3070, HORSLEY NSW 2530
3071, HUNTLEY NSW 2530
3072, KANAHOOKA NSW 2530
3073, KOONAWARRA NSW 2530
3074, MARSHALL MOUNT NSW 2530
3075, PENROSE NSW 2530
3076, WONGAWILLI NSW 2530
3077, YALLAH NSW 2530
3078, BOMBO NSW 2533
3079, CURRAMORE NSW 2533
3080, JAMBEROO NSW 2533
3081, JERRARA NSW 2533
3082, KIAMA NSW 2533
3083, KIAMA DOWNS NSW 2533
3084, KIAMA HEIGHTS NSW 2533
3085, MINNAMURRA NSW 2533
3086, SADDLEBACK MOUNTAIN NSW 2533
3087, FOXGROUND NSW 2534
3088, GERRINGONG NSW 2534
3089, GERROA NSW 2534
3090, ROSE VALLEY NSW 2534
3091, TOOLIJOOA NSW 2534
3092, WERRI BEACH NSW 2534
3093, WILLOW VALE NSW 2534
3094, BACK FOREST NSW 2535
3095, BELLAWONGARAH NSW 2535
3096, BERRY NSW 2535
3097, BERRY MOUNTAIN NSW 2535
3098, BROGERS CREEK NSW 2535
3099, BROUGHTON NSW 2535
3100, BROUGHTON VALE NSW 2535
3101, BROUGHTON VILLAGE NSW 2535
3102, BUDDEROO NSW 2535
3103, BUNDEWALLAH NSW 2535
3104, COOLANGATTA NSW 2535
3105, FAR MEADOW NSW 2535
3106, JASPERS BRUSH NSW 2535
3107, SHOALHAVEN HEADS NSW 2535
3108, WATTAMOLLA NSW 2535
3109, WOODHILL NSW 2535
3110, BATEHAVEN NSW 2536
3111, BATEMANS BAY NSW 2536
3112, BENANDARAH NSW 2536
3113, BIMBIMBIE NSW 2536
3114, BUCKENBOWRA NSW 2536
3115, CATALINA NSW 2536
3116, CURROWAN NSW 2536
3117, DENHAMS BEACH NSW 2536
3118, DEPOT BEACH NSW 2536
3119, DURRAS NORTH NSW 2536
3120, EAST LYNNE NSW 2536
3121, GUERILLA BAY NSW 2536
3122, JEREMADRA NSW 2536
3123, LILLI PILLI NSW 2536
3124, LONG BEACH NSW 2536
3125, MALONEYS BEACH NSW 2536
3126, MALUA BAY NSW 2536
3127, MOGO NSW 2536
3128, NELLIGEN NSW 2536
3129, NORTH BATEMANS BAY NSW 2536
3130, PEBBLY BEACH NSW 2536
3131, ROSEDALE NSW 2536
3132, RUNNYFORD NSW 2536
3133, SOUTH DURRAS NSW 2536
3134, SUNSHINE BAY NSW 2536
3135, SURF BEACH NSW 2536
3136, SURFSIDE NSW 2536
3137, WOODLANDS NSW 2536
3138, BERGALIA NSW 2537
3139, BINGIE NSW 2537
3140, BROULEE NSW 2537
3141, COILA NSW 2537
3142, CONGO NSW 2537
3143, DEUA NSW 2537
3144, DEUA RIVER VALLEY NSW 2537
3145, KIORA NSW 2537
3146, MERINGO NSW 2537
3147, MOGENDOURA NSW 2537
3148, MORUYA NSW 2537
3149, MORUYA HEADS NSW 2537
3150, MOSSY POINT NSW 2537
3151, TOMAKIN NSW 2537
3152, TURLINJAH NSW 2537
3153, TUROSS HEAD NSW 2537
3154, WAMBAN NSW 2537
3155, BROOMAN NSW 2538
3156, LITTLE FOREST NSW 2538
3157, MILTON NSW 2538
3158, MOGOOD NSW 2538
3159, MORTON NSW 2538
3160, PORTERS CREEK NSW 2538
3161, WOODBURN NSW 2538
3162, WOODSTOCK NSW 2538
3163, BAWLEY POINT NSW 2539
3164, BENDALONG NSW 2539
3165, BURRILL LAKE NSW 2539
3166, COCKWHY NSW 2539
3167, CONJOLA NSW 2539
3168, CONJOLA PARK NSW 2539
3169, CROOBYAR NSW 2539
3170, CUNJURONG POINT NSW 2539
3171, DOLPHIN POINT NSW 2539
3172, FISHERMANS PARADISE NSW 2539
3173, KINGS POINT NSW 2539
3174, KIOLOA NSW 2539
3175, LAKE CONJOLA NSW 2539
3176, LAKE TABOURIE NSW 2539
3177, MANYANA NSW 2539
3178, MOLLYMOOK NSW 2539
3179, MOLLYMOOK BEACH NSW 2539
3180, NARRAWALLEE NSW 2539
3181, POINTER MOUNTAIN NSW 2539
3182, PRETTY BEACH NSW 2539
3183, TERMEIL NSW 2539
3184, ULLADULLA NSW 2539
3185, YADBORO NSW 2539
3186, BAMARANG NSW 2540
3187, BARRINGELLA NSW 2540
3188, BASIN VIEW NSW 2540
3189, BEECROFT PENINSULA NSW 2540
3190, BERRARA NSW 2540
3191, BEWONG NSW 2540
3192, BOLONG NSW 2540
3193, BOOLIJAH NSW 2540
3194, BREAM BEACH NSW 2540
3195, BROWNS MOUNTAIN NSW 2540
3196, BRUNDEE NSW 2540
3197, BUANGLA NSW 2540
3198, BURRIER NSW 2540
3199, CALLALA BAY NSW 2540
3200, CALLALA BEACH NSW 2540
3201, CAMBEWARRA NSW 2540
3202, CAMBEWARRA VILLAGE NSW 2540
3203, COMBERTON NSW 2540
3204, COMERONG ISLAND NSW 2540
3205, CUDMIRRAH NSW 2540
3206, CULBURRA BEACH NSW 2540
3207, CURRARONG NSW 2540
3208, EROWAL BAY NSW 2540
3209, ETTREMA NSW 2540
3210, FALLS CREEK NSW 2540
3211, GREENWELL POINT NSW 2540
3212, HMAS ALBATROSS NSW 2540
3213, HMAS CRESWELL ACT 2540
3214, HUSKISSON NSW 2540
3215, HYAMS BEACH NSW 2540
3216, ILLAROO NSW 2540
3217, JERRAWANGALA NSW 2540
3218, JERVIS BAY ACT 2540
3219, KINGHORNE NSW 2540
3220, LONGREACH NSW 2540
3221, MAYFIELD NSW 2540
3222, MEROO MEADOW NSW 2540
3223, MONDAYONG NSW 2540
3224, MOOLLATTOO NSW 2540
3225, MUNDAMIA NSW 2540
3226, MYOLA NSW 2540
3227, NOWRA HILL NSW 2540
3228, NUMBAA NSW 2540
3229, OLD EROWAL BAY NSW 2540
3230, ORIENT POINT NSW 2540
3231, PARMA NSW 2540
3232, PYREE NSW 2540
3233, SANCTUARY POINT NSW 2540
3234, ST GEORGES BASIN NSW 2540
3235, SUSSEX INLET NSW 2540
3236, SWANHAVEN NSW 2540
3237, TAPITALLEE NSW 2540
3238, TERARA NSW 2540
3239, TOMERONG NSW 2540
3240, TULLARWALLA NSW 2540
3241, TWELVE MILE PEG NSW 2540
3242, VINCENTIA NSW 2540
3243, WANDANDIAN NSW 2540
3244, WATERSLEIGH NSW 2540
3245, WOLLUMBOOLA NSW 2540
3246, WOOLLAMIA NSW 2540
3247, WORRIGEE NSW 2540
3248, WORROWING HEIGHTS NSW 2540
3249, WRIGHTS BEACH NSW 2540
3250, YALWAL NSW 2540
3251, YERRIYONG NSW 2540
3252, BANGALEE NSW 2541
3253, BOMADERRY NSW 2541
3254, NORTH NOWRA NSW 2541
3255, NOWRA NSW 2541
3256, NOWRA EAST NSW 2541
3257, NOWRA NORTH NSW 2541
3258, SOUTH NOWRA NSW 2541
3259, WEST NOWRA NSW 2541
3260, BELOWRA NSW 2545
3261, BODALLA NSW 2545
3262, CADGEE NSW 2545
3263, EUROBODALLA NSW 2545
3264, NERRIGUNDAH NSW 2545
3265, POTATO POINT NSW 2545
3266, AKOLELE NSW 2546
3267, BARRAGGA BAY NSW 2546
3268, BERMAGUI NSW 2546
3269, CENTRAL TILBA NSW 2546
3270, CORUNNA NSW 2546
3271, CUTTAGEE NSW 2546
3272, DALMENY NSW 2546
3273, DIGNAMS CREEK NSW 2546
3274, KIANGA NSW 2546
3275, MYSTERY BAY NSW 2546
3276, NAROOMA NSW 2546
3277, NORTH NAROOMA NSW 2546
3278, TILBA TILBA NSW 2546
3279, TINPOT NSW 2546
3280, WADBILLIGA NSW 2546
3281, WALLAGA LAKE NSW 2546
3282, BERRAMBOOL NSW 2548
3283, MERIMBULA NSW 2548
3284, TURA BEACH NSW 2548
3285, YELLOW PINCH NSW 2548
3286, BALD HILLS NSW 2549
3287, BROADWATER NSW 2549
3288, GREIGS FLAT NSW 2549
3289, LOCHIEL NSW 2549
3290, MILLINGANDI NSW 2549
3291, NETHERCOTE NSW 2549
3292, PAMBULA NSW 2549
3293, PAMBULA BEACH NSW 2549
3294, SOUTH PAMBULA NSW 2549
3295, ANGLEDALE NSW 2550
3296, BEGA NSW 2550
3297, BEMBOKA NSW 2550
3298, BLACK RANGE NSW 2550
3299, BOURNDA NSW 2550
3300, BROGO NSW 2550
3301, BUCKAJO NSW 2550
3302, BUNGA NSW 2550
3303, BURRAGATE NSW 2550
3304, CANDELO NSW 2550
3305, CHINNOCK NSW 2550
3306, COBARGO NSW 2550
3307, COOLAGOLITE NSW 2550
3308, COOLANGUBRA NSW 2550
3309, COOPERS GULLY NSW 2550
3310, DEVILS HOLE NSW 2550
3311, DOCTOR GEORGE MOUNTAIN NSW 2550
3312, FROGS HOLLOW NSW 2550
3313, GREENDALE NSW 2550
3314, JELLAT JELLAT NSW 2550
3315, KALARU NSW 2550
3316, KAMERUKA NSW 2550
3317, KANOONA NSW 2550
3318, KINGSWOOD NSW 2550
3319, MOGAREEKA NSW 2550
3320, MOGILLA NSW 2550
3321, MORANS CROSSING NSW 2550
3322, MUMBULLA MOUNTAIN NSW 2550
3323, MURRAH NSW 2550
3324, MYRTLE MOUNTAIN NSW 2550
3325, NELSON NSW 2550
3326, NEW BUILDINGS NSW 2550
3327, NUMBUGGA NSW 2550
3328, PERICOE NSW 2550
3329, QUAAMA NSW 2550
3330, REEDY SWAMP NSW 2550
3331, ROCKY HALL NSW 2550
3332, SOUTH WOLUMLA NSW 2550
3333, STONY CREEK NSW 2550
3334, TANJA NSW 2550
3335, TANTAWANGALO NSW 2550
3336, TARRAGANDA NSW 2550
3337, TATHRA NSW 2550
3338, TOOTHDALE NSW 2550
3339, TOWAMBA NSW 2550
3340, VERONA NSW 2550
3341, WALLAGOOT NSW 2550
3342, WANDELLA NSW 2550
3343, WAPENGO NSW 2550
3344, WOLUMLA NSW 2550
3345, YAMBULLA NSW 2550
3346, YANKEES CREEK NSW 2550
3347, YOWRIE NSW 2550
3348, BOYDTOWN NSW 2551
3349, EDEN NSW 2551
3350, EDROM NSW 2551
3351, GREEN CAPE NSW 2551
3352, KIAH NSW 2551
3353, NADGEE NSW 2551
3354, NARRABARBA NSW 2551
3355, NULLICA NSW 2551
3356, NUNGATTA NSW 2551
3357, TIMBILLICA NSW 2551
3358, WONBOYN NSW 2551
3359, WONBOYN LAKE NSW 2551
3360, WONBOYN NORTH NSW 2551
3361, BADGERYS CREEK NSW 2555
3362, BRINGELLY NSW 2556
3363, CATHERINE FIELD NSW 2557
3364, ROSSMORE NSW 2557
3365, EAGLE VALE NSW 2558
3366, ESCHOL PARK NSW 2558
3367, KEARNS NSW 2558
3368, BLAIRMOUNT NSW 2559
3369, CLAYMORE NSW 2559
3370, AIRDS NSW 2560
3371, AMBARVALE NSW 2560
3372, APPIN NSW 2560
3373, BLAIR ATHOL NSW 2560
3374, BRADBURY NSW 2560
3375, CAMPBELLTOWN NSW 2560
3376, CAMPBELLTOWN NORTH NSW 2560
3377, CATARACT NSW 2560
3378, ENGLORIE PARK NSW 2560
3379, GILEAD NSW 2560
3380, GLEN ALPINE NSW 2560
3381, KENTLYN NSW 2560
3382, LEUMEAH NSW 2560
3383, MACARTHUR SQUARE NSW 2560
3384, ROSEMEADOW NSW 2560
3385, RUSE NSW 2560
3386, ST HELENS PARK NSW 2560
3387, WEDDERBURN NSW 2560
3388, WOODBINE NSW 2560
