,suburb,page
406, DAWES POINT NSW 2000,1
407, HAYMARKET NSW 2000,1
408, MILLERS POINT NSW 2000,1
409, PARLIAMENT HOUSE NSW 2000,1
410, SYDNEY NSW 2000,1
411, SYDNEY SOUTH NSW 2000,1
412, THE ROCKS NSW 2000,1
413, SYDNEY NSW 2001,1
414, WORLD SQUARE NSW 2002,1
415, THE UNIVERSITY OF SYDNEY NSW 2006,1
416, BROADWAY NSW 2007,1
417, ULTIMO NSW 2007,1
418, CHIPPENDALE NSW 2008,1
419, DARLINGTON NSW 2008,1
420, PYRMONT NSW 2009,1
421, DARLINGHURST NSW 2010,1
422, SURRY HILLS NSW 2010,1
423, ELIZABETH BAY NSW 2011,1
424, HMAS KUTTABUL NSW 2011,1
425, POTTS POINT NSW 2011,1
426, RUSHCUTTERS BAY NSW 2011,1
427, WOOLLOOMOOLOO NSW 2011,1
428, STRAWBERRY HILLS NSW 2012,1
429, STRAWBERRY HILLS NSW 2013,1
430, ALEXANDRIA NSW 2015,1
431, BEACONSFIELD NSW 2015,1
432, EVELEIGH NSW 2015,1
433, REDFERN NSW 2016,1
434, WATERLOO NSW 2017,1
435, ZETLAND NSW 2017,1
436, EASTLAKES NSW 2018,1
437, ROSEBERY NSW 2018,1
438, BANKSMEADOW NSW 2019,1
439, BOTANY NSW 2019,1
440, MASCOT NSW 2020,1
441, SYDNEY DOMESTIC AIRPORT NSW 2020,1
442, SYDNEY INTERNATIONAL AIRPORT NSW 2020,1
443, MOORE PARK NSW 2021,1
444, PADDINGTON NSW 2021,1
445, BONDI JUNCTION NSW 2022,1
446, BONDI JUNCTION PLAZA NSW 2022,1
447, QUEENS PARK NSW 2022,1
448, BELLEVUE HILL NSW 2023,1
449, BRONTE NSW 2024,1
450, WAVERLEY NSW 2024,1
451, WOOLLAHRA NSW 2025,1
452, BONDI NSW 2026,1
453, BONDI BEACH NSW 2026,1
454, NORTH BONDI NSW 2026,1
455, TAMARAMA NSW 2026,1
456, DARLING POINT NSW 2027,1
457, EDGECLIFF NSW 2027,1
458, HMAS RUSHCUTTERS NSW 2027,1
459, POINT PIPER NSW 2027,1
460, DOUBLE BAY NSW 2028,1
461, ROSE BAY NSW 2029,1
462, DOVER HEIGHTS NSW 2030,1
463, HMAS WATSON NSW 2030,1
464, ROSE BAY NORTH NSW 2030,1
465, VAUCLUSE NSW 2030,1
466, WATSONS BAY NSW 2030,1
467, CLOVELLY NSW 2031,1
468, CLOVELLY WEST NSW 2031,1
469, RANDWICK NSW 2031,1
470, ST PAULS NSW 2031,1
471, DACEYVILLE NSW 2032,1
472, KINGSFORD NSW 2032,1
473, KENSINGTON NSW 2033,1
474, COOGEE NSW 2034,1
475, SOUTH COOGEE NSW 2034,1
476, MAROUBRA NSW 2035,1
477, MAROUBRA SOUTH NSW 2035,1
478, PAGEWOOD NSW 2035,1
479, CHIFLEY NSW 2036,1
480, EASTGARDENS NSW 2036,1
481, HILLSDALE NSW 2036,1
482, LA PEROUSE NSW 2036,1
483, LITTLE BAY NSW 2036,1
484, MALABAR NSW 2036,1
485, MATRAVILLE NSW 2036,1
486, PHILLIP BAY NSW 2036,1
487, PORT BOTANY NSW 2036,1
488, FOREST LODGE NSW 2037,1
489, GLEBE NSW 2037,1
490, ANNANDALE NSW 2038,1
491, ROZELLE NSW 2039,1
492, LEICHHARDT NSW 2040,1
493, LILYFIELD NSW 2040,1
494, BALMAIN NSW 2041,1
495, BALMAIN EAST NSW 2041,1
496, BIRCHGROVE NSW 2041,1
497, ENMORE NSW 2042,1
498, NEWTOWN NSW 2042,1
499, ERSKINEVILLE NSW 2043,1
500, ST PETERS NSW 2044,1
501, SYDENHAM NSW 2044,1
502, TEMPE NSW 2044,1
503, HABERFIELD NSW 2045,1
504, ABBOTSFORD NSW 2046,1
505, CANADA BAY NSW 2046,1
506, CHISWICK NSW 2046,1
507, FIVE DOCK NSW 2046,1
508, RODD POINT NSW 2046,1
509, RUSSELL LEA NSW 2046,1
510, WAREEMBA NSW 2046,1
511, DRUMMOYNE NSW 2047,1
512, STANMORE NSW 2048,1
513, LEWISHAM NSW 2049,1
514, PETERSHAM NSW 2049,1
515, PETERSHAM NORTH NSW 2049,1
516, CAMPERDOWN NSW 2050,1
517, MISSENDEN ROAD NSW 2050,1
518, UNSW SYDNEY NSW 2052,1
519, NORTH SYDNEY NSW 2055,1
520, CHATSWOOD NSW 2057,1
521, NORTH SYDNEY NSW 2059,1
522, HMAS WATERHEN NSW 2060,1
523, LAVENDER BAY NSW 2060,1
524, MCMAHONS POINT NSW 2060,1
525, NORTH SYDNEY NSW 2060,1
526, NORTH SYDNEY SHOPPINGWORLD NSW 2060,1
527, WAVERTON NSW 2060,1
528, KIRRIBILLI NSW 2061,1
529, MILSONS POINT NSW 2061,1
530, CAMMERAY NSW 2062,1
531, NORTHBRIDGE NSW 2063,1
532, ARTARMON NSW 2064,1
533, CROWS NEST NSW 2065,1
534, GREENWICH NSW 2065,1
535, NAREMBURN NSW 2065,1
536, ROYAL NORTH SHORE HOSPITAL NSW 2065,1
537, ST LEONARDS NSW 2065,1
538, WOLLSTONECRAFT NSW 2065,1
539, LANE COVE NSW 2066,1
540, LANE COVE NORTH NSW 2066,1
541, LANE COVE WEST NSW 2066,1
542, LINLEY POINT NSW 2066,1
543, LONGUEVILLE NSW 2066,1
544, NORTHWOOD NSW 2066,1
545, RIVERVIEW NSW 2066,1
546, CHATSWOOD NSW 2067,1
547, CHATSWOOD WEST NSW 2067,1
548, CASTLECRAG NSW 2068,1
549, MIDDLE COVE NSW 2068,1
550, NORTH WILLOUGHBY NSW 2068,1
551, WILLOUGHBY NSW 2068,1
552, WILLOUGHBY EAST NSW 2068,1
553, WILLOUGHBY NORTH NSW 2068,1
554, CASTLE COVE NSW 2069,1
555, ROSEVILLE NSW 2069,1
556, ROSEVILLE CHASE NSW 2069,1
557, EAST LINDFIELD NSW 2070,1
558, LINDFIELD NSW 2070,1
559, LINDFIELD WEST NSW 2070,1
560, EAST KILLARA NSW 2071,1
561, KILLARA NSW 2071,1
562, GORDON NSW 2072,1
563, PYMBLE NSW 2073,1
564, WEST PYMBLE NSW 2073,1
565, NORTH TURRAMURRA NSW 2074,1
566, SOUTH TURRAMURRA NSW 2074,1
567, TURRAMURRA NSW 2074,1
568, WARRAWEE NSW 2074,1
569, ST IVES NSW 2075,1
570, ST IVES CHASE NSW 2075,1
571, NORMANHURST NSW 2076,1
572, NORTH WAHROONGA NSW 2076,1
573, WAHROONGA NSW 2076,1
574, ASQUITH NSW 2077,1
575, HORNSBY NSW 2077,1
576, HORNSBY HEIGHTS NSW 2077,1
577, WAITARA NSW 2077,1
578, MOUNT COLAH NSW 2079,1
579, MOUNT KURING-GAI NSW 2080,1
580, BEROWRA NSW 2081,1
581, COWAN NSW 2081,1
582, BEROWRA HEIGHTS NSW 2082,1
583, BEROWRA WATERS NSW 2082,1
584, BAR POINT NSW 2083,1
585, BROOKLYN NSW 2083,1
586, CHEERO POINT NSW 2083,1
587, COGRA BAY NSW 2083,1
588, DANGAR ISLAND NSW 2083,1
589, MILSONS PASSAGE NSW 2083,1
590, MOONEY MOONEY NSW 2083,1
591, COTTAGE POINT NSW 2084,1
592, DUFFYS FOREST NSW 2084,1
593, TERREY HILLS NSW 2084,1
594, BELROSE NSW 2085,1
595, BELROSE WEST NSW 2085,1
596, DAVIDSON NSW 2085,1
597, FRENCHS FOREST NSW 2086,1
598, FRENCHS FOREST EAST NSW 2086,1
599, FORESTVILLE NSW 2087,1
600, KILLARNEY HEIGHTS NSW 2087,1
601, MOSMAN NSW 2088,1
602, SPIT JUNCTION NSW 2088,1
603, NEUTRAL BAY NSW 2089,1
604, NEUTRAL BAY JUNCTION NSW 2089,1
605, CREMORNE NSW 2090,1
606, CREMORNE JUNCTION NSW 2090,1
607, CREMORNE POINT NSW 2090,1
608, SEAFORTH NSW 2092,1
609, BALGOWLAH NSW 2093,1
610, BALGOWLAH HEIGHTS NSW 2093,1
611, CLONTARF NSW 2093,1
612, MANLY VALE NSW 2093,1
613, NORTH BALGOWLAH NSW 2093,1
614, FAIRLIGHT NSW 2094,1
615, MANLY NSW 2095,1
616, MANLY EAST NSW 2095,1
617, CURL CURL NSW 2096,1
618, HARBORD NSW 2096,1
619, QUEENSCLIFF NSW 2096,1
620, COLLAROY NSW 2097,1
621, COLLAROY BEACH NSW 2097,1
622, COLLAROY PLATEAU WEST NSW 2097,1
623, WHEELER HEIGHTS NSW 2097,1
624, CROMER NSW 2099,1
625, DEE WHY NSW 2099,1
626, NARRAWEENA NSW 2099,1
627, NORTH CURL CURL NSW 2099,1
628, ALLAMBIE HEIGHTS NSW 2100,1
629, BEACON HILL NSW 2100,1
630, BROOKVALE NSW 2100,1
631, NORTH MANLY NSW 2100,1
632, OXFORD FALLS NSW 2100,1
633, WARRINGAH MALL NSW 2100,1
634, ELANORA HEIGHTS NSW 2101,1
635, INGLESIDE NSW 2101,1
636, NARRABEEN NSW 2101,1
637, NORTH NARRABEEN NSW 2101,1
638, WARRIEWOOD NSW 2102,1
639, MONA VALE NSW 2103,1
640, BAYVIEW NSW 2104,1
641, CHURCH POINT NSW 2105,1
642, ELVINA BAY NSW 2105,1
643, LOVETT BAY NSW 2105,1
644, SCOTLAND ISLAND NSW 2105,1
645, NEWPORT NSW 2106,1
646, NEWPORT BEACH NSW 2106,1
647, AVALON BEACH NSW 2107,1
648, BILGOLA NSW 2107,1
649, CAREEL BAY NSW 2107,1
650, CLAREVILLE NSW 2107,1
651, PARADISE BEACH NSW 2107,1
652, TAYLORS POINT NSW 2107,1
653, WHALE BEACH NSW 2107,1
654, COASTERS RETREAT NSW 2108,1
655, CURRAWONG BEACH NSW 2108,1
656, GREAT MACKEREL BEACH NSW 2108,1
657, MORNING BAY NSW 2108,1
658, PALM BEACH NSW 2108,1
659, THE BASIN NSW 2108,1
660, MACQUARIE UNIVERSITY NSW 2109,1
661, HUNTERS HILL NSW 2110,1
662, WOOLWICH NSW 2110,1
663, BORONIA PARK NSW 2111,1
664, GLADESVILLE NSW 2111,1
665, HENLEY NSW 2111,1
666, HUNTLEYS COVE NSW 2111,1
667, HUNTLEYS POINT NSW 2111,1
668, MONASH PARK NSW 2111,1
669, TENNYSON POINT NSW 2111,1
670, DENISTONE EAST NSW 2112,1
671, PUTNEY NSW 2112,1
672, RYDE NSW 2112,1
673, BLENHEIM ROAD NSW 2113,1
674, EAST RYDE NSW 2113,1
675, MACQUARIE CENTRE NSW 2113,1
676, MACQUARIE PARK NSW 2113,1
677, NORTH RYDE NSW 2113,1
678, DENISTONE NSW 2114,1
679, DENISTONE WEST NSW 2114,1
680, MEADOWBANK NSW 2114,1
681, MELROSE PARK NSW 2114,1
682, WEST RYDE NSW 2114,1
683, ERMINGTON NSW 2115,1
684, RYDALMERE NSW 2116,1
685, DUNDAS NSW 2117,1
686, DUNDAS VALLEY NSW 2117,1
687, OATLANDS NSW 2117,1
688, TELOPEA NSW 2117,1
689, CARLINGFORD NSW 2118,1
690, CARLINGFORD COURT NSW 2118,1
691, CARLINGFORD NORTH NSW 2118,1
692, KINGSDENE NSW 2118,1
693, BEECROFT NSW 2119,1
694, CHELTENHAM NSW 2119,1
695, PENNANT HILLS NSW 2120,1
696, THORNLEIGH NSW 2120,1
697, WESTLEIGH NSW 2120,1
698, EPPING NSW 2121,1
699, NORTH EPPING NSW 2121,1
700, EASTWOOD NSW 2122,1
701, MARSFIELD NSW 2122,1
702, PARRAMATTA NSW 2123,1
703, PARRAMATTA NSW 2124,1
704, WEST PENNANT HILLS NSW 2125,1
705, CHERRYBROOK NSW 2126,1
706, HOMEBUSH BAY NSW 2127,1
707, NEWINGTON NSW 2127,1
708, SILVERWATER NSW 2128,1
709, SYDNEY MARKETS NSW 2129,1
710, SUMMER HILL NSW 2130,1
711, ASHFIELD NSW 2131,1
712, CROYDON NSW 2132,1
713, CROYDON PARK NSW 2133,1
714, ENFIELD SOUTH NSW 2133,1
715, BURWOOD NSW 2134,1
716, BURWOOD NORTH NSW 2134,1
717, STRATHFIELD NSW 2135,1
718, BURWOOD HEIGHTS NSW 2136,1
719, ENFIELD NSW 2136,1
720, STRATHFIELD SOUTH NSW 2136,1
721, BREAKFAST POINT NSW 2137,1
722, CABARITA NSW 2137,1
723, CONCORD NSW 2137,1
724, MORTLAKE NSW 2137,1
725, NORTH STRATHFIELD NSW 2137,1
726, CONCORD WEST NSW 2138,1
727, LIBERTY GROVE NSW 2138,1
728, RHODES NSW 2138,1
729, CONCORD REPATRIATION HOSPITAL NSW 2139,1
730, HOMEBUSH NSW 2140,1
731, HOMEBUSH SOUTH NSW 2140,1
732, HOMEBUSH WEST NSW 2140,1
733, BERALA NSW 2141,1
734, LIDCOMBE NSW 2141,1
735, LIDCOMBE NORTH NSW 2141,1
736, ROOKWOOD NSW 2141,1
737, BLAXCELL NSW 2142,1
738, CAMELLIA NSW 2142,1
739, CLYDE NSW 2142,1
740, GRANVILLE NSW 2142,1
741, HOLROYD NSW 2142,1
742, ROSEHILL NSW 2142,1
743, SOUTH GRANVILLE NSW 2142,1
744, BIRRONG NSW 2143,1
745, POTTS HILL NSW 2143,1
746, REGENTS PARK NSW 2143,1
747, AUBURN NSW 2144,1
748, GIRRAWEEN NSW 2145,1
749, GREYSTANES NSW 2145,1
750, MAYS HILL NSW 2145,1
751, PEMULWUY NSW 2145,1
752, PENDLE HILL NSW 2145,1
753, SOUTH WENTWORTHVILLE NSW 2145,1
754, WENTWORTHVILLE NSW 2145,1
755, WESTMEAD NSW 2145,1
756, OLD TOONGABBIE NSW 2146,1
757, TOONGABBIE NSW 2146,1
758, TOONGABBIE EAST NSW 2146,1
759, KINGS LANGLEY NSW 2147,1
760, LALOR PARK NSW 2147,1
761, SEVEN HILLS NSW 2147,1
762, SEVEN HILLS WEST NSW 2147,1
763, ARNDELL PARK NSW 2148,1
764, BLACKTOWN NSW 2148,1
765, BLACKTOWN WESTPOINT NSW 2148,1
766, HUNTINGWOOD NSW 2148,1
767, KINGS PARK NSW 2148,1
768, MARAYONG NSW 2148,1
769, PROSPECT NSW 2148,1
770, HARRIS PARK NSW 2150,1
771, PARRAMATTA NSW 2150,1
772, PARRAMATTA WESTFIELD NSW 2150,1
773, NORTH PARRAMATTA NSW 2151,1
774, NORTH ROCKS NSW 2151,1
775, NORTHMEAD NSW 2152,1
776, BAULKHAM HILLS NSW 2153,1
777, BELLA VISTA NSW 2153,1
778, WINSTON HILLS NSW 2153,1
779, CASTLE HILL NSW 2154,1
780, BEAUMONT HILLS NSW 2155,1
781, KELLYVILLE NSW 2155,1
782, KELLYVILLE RIDGE NSW 2155,1
783, ROUSE HILL NSW 2155,1
784, ANNANGROVE NSW 2156,1
785, GLENHAVEN NSW 2156,1
786, KENTHURST NSW 2156,1
787, CANOELANDS NSW 2157,1
788, FOREST GLEN NSW 2157,1
789, GLENORIE NSW 2157,1
790, DURAL NSW 2158,1
791, MIDDLE DURAL NSW 2158,1
792, ROUND CORNER NSW 2158,1
793, ARCADIA NSW 2159,1
794, BERRILEE NSW 2159,1
795, FIDDLETOWN NSW 2159,1
796, GALSTON NSW 2159,1
797, MERRYLANDS NSW 2160,1
798, MERRYLANDS WEST NSW 2160,1
799, GUILDFORD NSW 2161,1
800, GUILDFORD WEST NSW 2161,1
801, OLD GUILDFORD NSW 2161,1
802, YENNORA NSW 2161,1
803, CHESTER HILL NSW 2162,1
804, SEFTON NSW 2162,1
805, CARRAMAR NSW 2163,1
806, LANSDOWNE NSW 2163,1
807, VILLAWOOD NSW 2163,1
808, SMITHFIELD NSW 2164,1
809, SMITHFIELD WEST NSW 2164,1
810, WETHERILL PARK NSW 2164,1
811, WOODPARK NSW 2164,1
812, FAIRFIELD NSW 2165,1
813, FAIRFIELD EAST NSW 2165,1
814, FAIRFIELD HEIGHTS NSW 2165,1
815, FAIRFIELD WEST NSW 2165,1
816, CABRAMATTA NSW 2166,1
817, CABRAMATTA WEST NSW 2166,1
818, CANLEY HEIGHTS NSW 2166,1
819, CANLEY VALE NSW 2166,1
820, LANSVALE NSW 2166,1
821, GLENFIELD NSW 2167,1
822, ASHCROFT NSW 2168,1
823, BUSBY NSW 2168,1
824, CARTWRIGHT NSW 2168,1
825, GREEN VALLEY NSW 2168,1
826, HECKENBERG NSW 2168,1
827, HINCHINBROOK NSW 2168,1
828, SADLEIR NSW 2168,1
829, CASULA NSW 2170,1
830, CASULA MALL NSW 2170,1
831, CHIPPING NORTON NSW 2170,1
832, HAMMONDVILLE NSW 2170,1
833, LIVERPOOL NSW 2170,1
834, LIVERPOOL SOUTH NSW 2170,1
835, LIVERPOOL WESTFIELD NSW 2170,1
836, LURNEA NSW 2170,1
837, MOOREBANK NSW 2170,1
838, MOUNT PRITCHARD NSW 2170,1
839, PRESTONS NSW 2170,1
840, WARWICK FARM NSW 2170,1
841, CECIL HILLS NSW 2171,1
842, HORNINGSEA PARK NSW 2171,1
843, HOXTON PARK NSW 2171,1
844, MIDDLETON GRANGE NSW 2171,1
845, WEST HOXTON NSW 2171,1
846, PLEASURE POINT NSW 2172,1
847, SANDY POINT NSW 2172,1
848, VOYAGER POINT NSW 2172,1
849, HOLSWORTHY NSW 2173,1
850, WATTLE GROVE NSW 2173,1
851, HORSLEY PARK NSW 2175,1
852, ABBOTSBURY NSW 2176,1
853, BOSSLEY PARK NSW 2176,1
854, EDENSOR PARK NSW 2176,1
855, GREENFIELD PARK NSW 2176,1
856, PRAIRIEWOOD NSW 2176,1
857, ST JOHNS PARK NSW 2176,1
858, WAKELEY NSW 2176,1
859, BONNYRIGG NSW 2177,1
860, BONNYRIGG HEIGHTS NSW 2177,1
861, CECIL PARK NSW 2178,1
862, KEMPS CREEK NSW 2178,1
863, MOUNT VERNON NSW 2178,1
864, AUSTRAL NSW 2179,1
865, LEPPINGTON NSW 2179,1
866, CHULLORA NSW 2190,1
867, GREENACRE NSW 2190,1
868, MOUNT LEWIS NSW 2190,1
869, BELFIELD NSW 2191,1
870, BELMORE NSW 2192,1
871, ASHBURY NSW 2193,1
872, CANTERBURY NSW 2193,1
873, HURLSTONE PARK NSW 2193,1
874, CAMPSIE NSW 2194,1
875, LAKEMBA NSW 2195,1
876, WILEY PARK NSW 2195,1
877, PUNCHBOWL NSW 2196,1
878, ROSELANDS NSW 2196,1
879, BASS HILL NSW 2197,1
880, GEORGES HALL NSW 2198,1
881, YAGOONA NSW 2199,1
882, YAGOONA WEST NSW 2199,1
883, BANKSTOWN NSW 2200,1
884, BANKSTOWN AERODROME NSW 2200,1
885, BANKSTOWN NORTH NSW 2200,1
886, BANKSTOWN SQUARE NSW 2200,1
887, CONDELL PARK NSW 2200,1
888, MANAHAN NSW 2200,1
889, MOUNT LEWIS NSW 2200,1
890, DULWICH HILL NSW 2203,1
891, MARRICKVILLE NSW 2204,1
892, MARRICKVILLE METRO NSW 2204,1
893, MARRICKVILLE SOUTH NSW 2204,1
894, ARNCLIFFE NSW 2205,1
895, TURRELLA NSW 2205,1
896, WOLLI CREEK NSW 2205,1
897, CLEMTON PARK NSW 2206,1
898, EARLWOOD NSW 2206,1
899, BARDWELL PARK NSW 2207,1
900, BARDWELL VALLEY NSW 2207,1
901, BEXLEY NSW 2207,1
902, BEXLEY NORTH NSW 2207,1
903, BEXLEY SOUTH NSW 2207,1
904, KINGSGROVE NSW 2208,1
905, BEVERLY HILLS NSW 2209,1
906, NARWEE NSW 2209,1
907, LUGARNO NSW 2210,1
908, PEAKHURST NSW 2210,1
909, PEAKHURST HEIGHTS NSW 2210,1
910, RIVERWOOD NSW 2210,1
911, PADSTOW NSW 2211,1
912, PADSTOW HEIGHTS NSW 2211,1
913, REVESBY NSW 2212,1
914, REVESBY HEIGHTS NSW 2212,1
915, REVESBY NORTH NSW 2212,1
916, EAST HILLS NSW 2213,1
917, PANANIA NSW 2213,1
918, PICNIC POINT NSW 2213,1
919, MILPERRA NSW 2214,1
920, BANKSIA NSW 2216,1
921, BRIGHTON-LE-SANDS NSW 2216,1
922, KYEEMAGH NSW 2216,1
923, ROCKDALE NSW 2216,1
924, BEVERLEY PARK NSW 2217,1
925, KOGARAH NSW 2217,1
926, KOGARAH BAY NSW 2217,1
927, MONTEREY NSW 2217,1
928, RAMSGATE NSW 2217,1
929, RAMSGATE BEACH NSW 2217,1
930, ALLAWAH NSW 2218,1
931, CARLTON NSW 2218,1
932, DOLLS POINT NSW 2219,1
933, SANDRINGHAM NSW 2219,1
934, SANS SOUCI NSW 2219,1
935, HURSTVILLE NSW 2220,1
936, HURSTVILLE GROVE NSW 2220,1
937, HURSTVILLE WESTFIELD NSW 2220,1
938, BLAKEHURST NSW 2221,1
939, CARSS PARK NSW 2221,1
940, CONNELLS POINT NSW 2221,1
941, KYLE BAY NSW 2221,1
942, SOUTH HURSTVILLE NSW 2221,1
943, PENSHURST NSW 2222,1
944, MORTDALE NSW 2223,1
945, OATLEY NSW 2223,1
946, KANGAROO POINT NSW 2224,1
947, SYLVANIA NSW 2224,1
948, SYLVANIA SOUTHGATE NSW 2224,1
949, SYLVANIA WATERS NSW 2224,1
950, CARAVAN HEAD NSW 2225,1
951, OYSTER BAY NSW 2225,1
952, BONNET BAY NSW 2226,1
953, COMO NSW 2226,1
954, JANNALI NSW 2226,1
955, GYMEA NSW 2227,1
956, GYMEA BAY NSW 2227,1
957, MIRANDA NSW 2228,1
958, YOWIE BAY NSW 2228,1
959, CARINGBAH NSW 2229,1
960, DOLANS BAY NSW 2229,1
961, LILLI PILLI NSW 2229,1
962, PORT HACKING NSW 2229,1
963, TAREN POINT NSW 2229,1
964, WARUMBUL NSW 2229,1
965, BUNDEENA NSW 2230,1
966, BURRANEER NSW 2230,1
967, CRONULLA NSW 2230,1
968, MAIANBAR NSW 2230,1
969, WOOLOOWARE NSW 2230,1
970, KURNELL NSW 2231,1
971, AUDLEY NSW 2232,1
972, GARIE NSW 2232,1
973, GRAYS POINT NSW 2232,1
974, KAREELA NSW 2232,1
975, KIRRAWEE NSW 2232,1
976, LOFTUS NSW 2232,1
977, SUTHERLAND NSW 2232,1
978, WORONORA NSW 2232,1
979, ENGADINE NSW 2233,1
980, HEATHCOTE NSW 2233,1
981, WATERFALL NSW 2233,1
982, WORONORA HEIGHTS NSW 2233,1
983, YARRAWARRAH NSW 2233,1
984, ALFORDS POINT NSW 2234,1
985, BANGOR NSW 2234,1
986, BARDEN RIDGE NSW 2234,1
987, ILLAWONG NSW 2234,1
988, LUCAS HEIGHTS NSW 2234,1
989, MENAI NSW 2234,1
990, MENAI CENTRAL NSW 2234,1
991, BUCKETTY NSW 2250,1
992, CALGA NSW 2250,1
993, CENTRAL MANGROVE NSW 2250,1
994, EAST GOSFORD NSW 2250,1
995, ERINA NSW 2250,1
996, ERINA FAIR NSW 2250,1
997, GLENWORTH VALLEY NSW 2250,1
998, GOSFORD NSW 2250,1
999, GREENGROVE NSW 2250,1
1000, HOLGATE NSW 2250,1
1001, KARIONG NSW 2250,1
1002, KULNURA NSW 2250,1
1003, LISAROW NSW 2250,1
1004, LOWER MANGROVE NSW 2250,1
1005, MANGROVE CREEK NSW 2250,1
1006, MANGROVE MOUNTAIN NSW 2250,1
1007, MATCHAM NSW 2250,1
1008, MOONEY MOONEY CREEK NSW 2250,1
1009, MOUNT ELLIOT NSW 2250,1
1010, MOUNT WHITE NSW 2250,1
1011, NARARA NSW 2250,1
1012, NIAGARA PARK NSW 2250,1
1013, NORTH GOSFORD NSW 2250,1
1014, PEATS RIDGE NSW 2250,1
1015, POINT CLARE NSW 2250,1
1016, POINT FREDERICK NSW 2250,1
1017, SOMERSBY NSW 2250,1
1018, SPRINGFIELD NSW 2250,1
1019, TASCOTT NSW 2250,1
1020, TEN MILE HOLLOW NSW 2250,1
1021, UPPER MANGROVE NSW 2250,1
1022, WENDOREE PARK NSW 2250,1
1023, WEST GOSFORD NSW 2250,1
1024, WYOMING NSW 2250,1
1025, AVOCA BEACH NSW 2251,1
1026, BENSVILLE NSW 2251,1
1027, BOUDDI NSW 2251,1
1028, COPACABANA NSW 2251,1
1029, DAVISTOWN NSW 2251,1
1030, GREEN POINT NSW 2251,1
1031, KINCUMBER NSW 2251,1
1032, KINCUMBER SOUTH NSW 2251,1
1033, MACMASTERS BEACH NSW 2251,1
1034, PICKETTS VALLEY NSW 2251,1
1035, SARATOGA NSW 2251,1
1036, YATTALUNGA NSW 2251,1
1037, BLACKWALL NSW 2256,1
1038, HORSFIELD BAY NSW 2256,1
1039, KOOLEWONG NSW 2256,1
1040, LITTLE WOBBY NSW 2256,1
1041, PATONGA NSW 2256,1
1042, PEARL BEACH NSW 2256,1
1043, PHEGANS BAY NSW 2256,1
1044, WONDABYNE NSW 2256,1
1045, WOY WOY NSW 2256,1
1046, WOY WOY BAY NSW 2256,1
1047, BOOKER BAY NSW 2257,1
1048, BOX HEAD NSW 2257,1
1049, DALEYS POINT NSW 2257,1
1050, EMPIRE BAY NSW 2257,1
1051, ETTALONG BEACH NSW 2257,1
1052, HARDYS BAY NSW 2257,1
1053, KILLCARE NSW 2257,1
1054, KILLCARE HEIGHTS NSW 2257,1
1055, PRETTY BEACH NSW 2257,1
1056, ST HUBERTS ISLAND NSW 2257,1
1057, UMINA BEACH NSW 2257,1
1058, WAGSTAFFE NSW 2257,1
1059, FOUNTAINDALE NSW 2258,1
1060, KANGY ANGY NSW 2258,1
1061, OURIMBAH NSW 2258,1
1062, PALM GROVE NSW 2258,1
1063, PALMDALE NSW 2258,1
1064, ALISON NSW 2259,1
1065, BUSHELLS RIDGE NSW 2259,1
1066, CEDAR BRUSH CREEK NSW 2259,1
1067, CHAIN VALLEY BAY NSW 2259,1
1068, CRANGAN BAY NSW 2259,1
1069, DOORALONG NSW 2259,1
1070, DURREN DURREN NSW 2259,1
1071, FRAZER PARK NSW 2259,1
1072, FREEMANS NSW 2259,1
1073, GWANDALAN NSW 2259,1
1074, HALLORAN NSW 2259,1
1075, HAMLYN TERRACE NSW 2259,1
1076, JILLIBY NSW 2259,1
1077, KANWAL NSW 2259,1
1078, KIAR NSW 2259,1
1079, LAKE MUNMORAH NSW 2259,1
1080, LEMON TREE NSW 2259,1
1081, LITTLE JILLIBY NSW 2259,1
1082, MANNERING PARK NSW 2259,1
1083, MARDI NSW 2259,1
1084, MOONEE NSW 2259,1
1085, POINT WOLSTONCROFT NSW 2259,1
1086, RAVENSDALE NSW 2259,1
1087, ROCKY POINT NSW 2259,1
1088, SUMMERLAND POINT NSW 2259,1
1089, TACOMA NSW 2259,1
1090, TACOMA SOUTH NSW 2259,1
1091, TUGGERAH NSW 2259,1
1092, TUGGERAWONG NSW 2259,1
1093, WADALBA NSW 2259,1
1094, WALLARAH NSW 2259,1
1095, WARNERVALE NSW 2259,1
1096, WATANOBBI NSW 2259,1
1097, WOONGARRAH NSW 2259,1
1098, WYBUNG NSW 2259,1
1099, WYEE NSW 2259,1
1100, WYEE POINT NSW 2259,1
1101, WYONG NSW 2259,1
1102, WYONG CREEK NSW 2259,1
1103, WYONGAH NSW 2259,1
1104, YARRAMALONG NSW 2259,1
1105, ERINA HEIGHTS NSW 2260,1
1106, FORRESTERS BEACH NSW 2260,1
1107, NORTH AVOCA NSW 2260,1
1108, TERRIGAL NSW 2260,1
1109, WAMBERAL NSW 2260,1
1110, BATEAU BAY NSW 2261,1
1111, BAY VILLAGE NSW 2261,1
1112, BERKELEY VALE NSW 2261,1
1113, BLUE BAY NSW 2261,1
1114, CHITTAWAY BAY NSW 2261,1
1115, CHITTAWAY POINT NSW 2261,1
1116, GLENNING VALLEY NSW 2261,1
1117, KILLARNEY VALE NSW 2261,1
1118, LONG JETTY NSW 2261,1
1119, MAGENTA NSW 2261,1
1120, SHELLY BEACH NSW 2261,1
1121, THE ENTRANCE NSW 2261,1
1122, THE ENTRANCE NORTH NSW 2261,1
1123, TOOWOON BAY NSW 2261,1
1124, TUMBI UMBI NSW 2261,1
1125, BLUE HAVEN NSW 2262,1
1126, BUDGEWOI NSW 2262,1
1127, BUDGEWOI PENINSULA NSW 2262,1
1128, BUFF POINT NSW 2262,1
1129, COLONGRA NSW 2262,1
1130, DOYALSON NSW 2262,1
1131, DOYALSON NORTH NSW 2262,1
1132, HALEKULANI NSW 2262,1
1133, SAN REMO NSW 2262,1
1134, CANTON BEACH NSW 2263,1
1135, CHARMHAVEN NSW 2263,1
1136, GOROKAN NSW 2263,1
1137, LAKE HAVEN NSW 2263,1
1138, NORAH HEAD NSW 2263,1
1139, NORAVILLE NSW 2263,1
1140, TOUKLEY NSW 2263,1
1141, BALCOLYN NSW 2264,1
1142, BONNELLS BAY NSW 2264,1
1143, BRIGHTWATERS NSW 2264,1
1144, DORA CREEK NSW 2264,1
1145, ERARING NSW 2264,1
1146, MANDALONG NSW 2264,1
1147, MIRRABOOKA NSW 2264,1
1148, MORISSET NSW 2264,1
1149, MORISSET PARK NSW 2264,1
1150, MYUNA BAY NSW 2264,1
1151, SILVERWATER NSW 2264,1
1152, WINDERMERE PARK NSW 2264,1
1153, YARRAWONGA PARK NSW 2264,1
1154, COORANBONG NSW 2265,1
1155, MARTINSVILLE NSW 2265,1
1156, WANGI WANGI NSW 2267,1
1157, BARNSLEY NSW 2278,1
1158, KILLINGWORTH NSW 2278,1
1159, WAKEFIELD NSW 2278,1
1160, BELMONT NSW 2280,1
1161, BELMONT NORTH NSW 2280,1
1162, BELMONT SOUTH NSW 2280,1
1163, CROUDACE BAY NSW 2280,1
1164, FLORAVILLE NSW 2280,1
1165, JEWELLS NSW 2280,1
1166, MARKS POINT NSW 2280,1
1167, VALENTINE NSW 2280,1
1168, BLACKSMITHS NSW 2281,1
1169, CAMS WHARF NSW 2281,1
1170, CATHERINE HILL BAY NSW 2281,1
1171, CAVES BEACH NSW 2281,1
1172, LITTLE PELICAN NSW 2281,1
1173, MIDDLE CAMP NSW 2281,1
1174, MURRAYS BEACH NSW 2281,1
1175, NORDS WHARF NSW 2281,1
1176, PELICAN NSW 2281,1
1177, PINNY BEACH NSW 2281,1
1178, SWANSEA NSW 2281,1
1179, SWANSEA HEADS NSW 2281,1
1180, ELEEBANA NSW 2282,1
1181, LAKELANDS NSW 2282,1
1182, WARNERS BAY NSW 2282,1
1183, ARCADIA VALE NSW 2283,1
1184, AWABA NSW 2283,1
1185, BALMORAL NSW 2283,1
1186, BLACKALLS PARK NSW 2283,1
1187, BOLTON POINT NSW 2283,1
1188, BUTTABA NSW 2283,1
1189, CAREY BAY NSW 2283,1
1190, COAL POINT NSW 2283,1
1191, FASSIFERN NSW 2283,1
1192, FENNELL BAY NSW 2283,1
1193, FISHING POINT NSW 2283,1
1194, KILABEN BAY NSW 2283,1
1195, RATHMINES NSW 2283,1
1196, RYHOPE NSW 2283,1
1197, TORONTO NSW 2283,1
1198, ARGENTON NSW 2284,1
1199, BOOLAROO NSW 2284,1
1200, BOORAGUL NSW 2284,1
1201, MARMONG POINT NSW 2284,1
1202, SPEERS POINT NSW 2284,1
1203, TERALBA NSW 2284,1
1204, WOODRISING NSW 2284,1
1205, CAMERON PARK NSW 2285,1
1206, CARDIFF NSW 2285,1
1207, CARDIFF HEIGHTS NSW 2285,1
1208, CARDIFF SOUTH NSW 2285,1
1209, EDGEWORTH NSW 2285,1
1210, GLENDALE NSW 2285,1
1211, MACQUARIE HILLS NSW 2285,1
1212, HOLMESVILLE NSW 2286,1
1213, SEAHAMPTON NSW 2286,1
1214, WEST WALLSEND NSW 2286,1
1215, BIRMINGHAM GARDENS NSW 2287,1
1216, ELERMORE VALE NSW 2287,1
1217, FLETCHER NSW 2287,1
1218, MARYLAND NSW 2287,1
1219, MINMI NSW 2287,1
1220, RANKIN PARK NSW 2287,1
1221, SUMMER HILL NSW 2287,1
1222, WALLSEND NSW 2287,1
1223, WALLSEND SOUTH NSW 2287,1
1224, ADAMSTOWN NSW 2289,1
1225, ADAMSTOWN HEIGHTS NSW 2289,1
1226, GARDEN SUBURB NSW 2289,1
1227, HIGHFIELDS NSW 2289,1
1228, KOTARA NSW 2289,1
1229, KOTARA SOUTH NSW 2289,1
1230, BENNETTS GREEN NSW 2290,1
1231, CHARLESTOWN NSW 2290,1
1232, DUDLEY NSW 2290,1
1233, GATESHEAD NSW 2290,1
1234, HILLSBOROUGH NSW 2290,1
1235, KAHIBAH NSW 2290,1
1236, MOUNT HUTTON NSW 2290,1
1237, REDHEAD NSW 2290,1
1238, TINGIRA HEIGHTS NSW 2290,1
1239, WHITEBRIDGE NSW 2290,1
1240, MEREWETHER NSW 2291,1
1241, MEREWETHER HEIGHTS NSW 2291,1
1242, THE JUNCTION NSW 2291,1
1243, BROADMEADOW NSW 2292,1
1244, HAMILTON NORTH NSW 2292,1
1245, MARYVILLE NSW 2293,1
1246, WICKHAM NSW 2293,1
1247, CARRINGTON NSW 2294,1
1248, FERN BAY NSW 2295,1
1249, STOCKTON NSW 2295,1
1250, ISLINGTON NSW 2296,1
1251, TIGHES HILL NSW 2297,1
1252, GEORGETOWN NSW 2298,1
1253, WARATAH NSW 2298,1
1254, WARATAH WEST NSW 2298,1
1255, JESMOND NSW 2299,1
1256, LAMBTON NSW 2299,1
1257, NORTH LAMBTON NSW 2299,1
1258, BAR BEACH NSW 2300,1
1259, COOKS HILL NSW 2300,1
1260, NEWCASTLE NSW 2300,1
1261, NEWCASTLE EAST NSW 2300,1
1262, THE HILL NSW 2300,1
1263, NEWCASTLE WEST NSW 2302,1
1264, HAMILTON NSW 2303,1
1265, HAMILTON EAST NSW 2303,1
1266, HAMILTON SOUTH NSW 2303,1
1267, KOORAGANG NSW 2304,1
1268, MAYFIELD NSW 2304,1
1269, MAYFIELD EAST NSW 2304,1
1270, MAYFIELD NORTH NSW 2304,1
1271, MAYFIELD WEST NSW 2304,1
1272, SANDGATE NSW 2304,1
1273, WARABROOK NSW 2304,1
1274, KOTARA EAST NSW 2305,1
1275, NEW LAMBTON NSW 2305,1
1276, NEW LAMBTON HEIGHTS NSW 2305,1
1277, WINDALE NSW 2306,1
1278, SHORTLAND NSW 2307,1
1279, CALLAGHAN NSW 2308,1
1280, NEWCASTLE UNIVERSITY NSW 2308,1
1281, DANGAR NSW 2309,1
1282, ALLYNBROOK NSW 2311,1
1283, BINGLEBURRA NSW 2311,1
1284, CARRABOLLA NSW 2311,1
1285, EAST GRESFORD NSW 2311,1
1286, ECCLESTON NSW 2311,1
1287, GRESFORD NSW 2311,1
1288, HALTON NSW 2311,1
1289, LEWINSBROOK NSW 2311,1
1290, LOSTOCK NSW 2311,1
1291, MOUNT RIVERS NSW 2311,1
1292, UPPER ALLYN NSW 2311,1
1293, MINIMBAH NSW 2312,1
1294, NABIAC NSW 2312,1
1295, WILLIAMTOWN RAAF NSW 2314,1
1296, CORLETTE NSW 2315,1
1297, FINGAL BAY NSW 2315,1
1298, NELSON BAY NSW 2315,1
1299, SHOAL BAY NSW 2315,1
1300, ANNA BAY NSW 2316,1
1301, BOAT HARBOUR NSW 2316,1
1302, BOBS FARM NSW 2316,1
1303, FISHERMANS BAY NSW 2316,1
1304, ONE MILE NSW 2316,1
1305, TAYLORS BEACH NSW 2316,1
1306, SALAMANDER BAY NSW 2317,1
1307, SOLDIERS POINT NSW 2317,1
1308, CAMPVALE NSW 2318,1
1309, FERODALE NSW 2318,1
1310, FULLERTON COVE NSW 2318,1
1311, MEDOWIE NSW 2318,1
1312, OYSTER COVE NSW 2318,1
1313, SALT ASH NSW 2318,1
1314, WILLIAMTOWN NSW 2318,1
1315, LEMON TREE PASSAGE NSW 2319,1
1316, MALLABULA NSW 2319,1
1317, TANILBA BAY NSW 2319,1
1318, ABERGLASSLYN NSW 2320,1
1319, ALLANDALE NSW 2320,1
1320, ANAMBAH NSW 2320,1
1321, BOLWARRA NSW 2320,1
1322, BOLWARRA HEIGHTS NSW 2320,1
1323, FARLEY NSW 2320,1
1324, GLEN OAK NSW 2320,1
1325, GOSFORTH NSW 2320,1
1326, HILLSBOROUGH NSW 2320,1
1327, HORSESHOE BEND NSW 2320,1
1328, KEINBAH NSW 2320,1
1329, LARGS NSW 2320,1
1330, LORN NSW 2320,1
1331, LOUTH PARK NSW 2320,1
1332, MAITLAND NSW 2320,1
1333, MAITLAND NORTH NSW 2320,1
1334, MAITLAND VALE NSW 2320,1
1335, MELVILLE NSW 2320,1
1336, MINDARIBBA NSW 2320,1
1337, MOUNT DEE NSW 2320,1
1338, OAKHAMPTON NSW 2320,1
1339, OAKHAMPTON HEIGHTS NSW 2320,1
1340, POKOLBIN NSW 2320,1
1341, ROSEBROOK NSW 2320,1
1342, ROTHBURY NSW 2320,1
1343, RUTHERFORD NSW 2320,1
1344, SOUTH MAITLAND NSW 2320,1
1345, TELARAH NSW 2320,1
1346, WALLALONG NSW 2320,1
1347, WINDELLA NSW 2320,1
1348, BERRY PARK NSW 2321,1
1349, BUTTERWICK NSW 2321,1
1350, CLARENCE TOWN NSW 2321,1
1351, CLIFTLEIGH NSW 2321,1
1352, DUCKENFIELD NSW 2321,1
1353, DUNS CREEK NSW 2321,1
1354, GILLIESTON HEIGHTS NSW 2321,1
1355, GLEN MARTIN NSW 2321,1
1356, GLEN WILLIAM NSW 2321,1
1357, HARPERS HILL NSW 2321,1
1358, HEDDON GRETA NSW 2321,1
1359, HINTON NSW 2321,1
1360, LOCHINVAR NSW 2321,1
1361, LUSKINTYRE NSW 2321,1
1362, MORPETH NSW 2321,1
1363, OSWALD NSW 2321,1
1364, PHOENIX PARK NSW 2321,1
1365, RAWORTH NSW 2321,1
1366, WOODVILLE NSW 2321,1
1367, BERESFIELD NSW 2322,1
1368, BLACK HILL NSW 2322,1
1369, HEXHAM NSW 2322,1
1370, LENAGHAN NSW 2322,1
1371, STOCKRINGTON NSW 2322,1
1372, TARRO NSW 2322,1
1373, THORNTON NSW 2322,1
1374, TOMAGO NSW 2322,1
1375, WOODBERRY NSW 2322,1
1376, ASHTONFIELD NSW 2323,1
1377, BRUNKERVILLE NSW 2323,1
1378, BUCHANAN NSW 2323,1
1379, BUTTAI NSW 2323,1
1380, EAST MAITLAND NSW 2323,1
1381, FREEMANS WATERHOLE NSW 2323,1
1382, GREEN HILLS NSW 2323,1
1383, METFORD NSW 2323,1
1384, MOUNT VINCENT NSW 2323,1
1385, MULBRING NSW 2323,1
1386, PITNACREE NSW 2323,1
1387, RICHMOND VALE NSW 2323,1
1388, TENAMBIT NSW 2323,1
1389, BALICKERA NSW 2324,1
1390, BRANDY HILL NSW 2324,1
1391, BUNDABAH NSW 2324,1
1392, CARRINGTON NSW 2324,1
1393, CELLS RIVER NSW 2324,1
1394, EAGLETON NSW 2324,1
1395, EAST SEAHAM NSW 2324,1
1396, HAWKS NEST NSW 2324,1
1397, HEATHERBRAE NSW 2324,1
1398, KARUAH NSW 2324,1
1399, LIMEBURNERS CREEK NSW 2324,1
1400, MILLERS FOREST NSW 2324,1
1401, NELSONS PLAINS NSW 2324,1
1402, NORTH ARM COVE NSW 2324,1
1403, OSTERLEY NSW 2324,1
1404, PINDIMAR NSW 2324,1
1405, RAYMOND TERRACE NSW 2324,1
1406, RAYMOND TERRACE EAST NSW 2324,1
1407, SEAHAM NSW 2324,1
1408, SWAN BAY NSW 2324,1
1409, TAHLEE NSW 2324,1
1410, TEA GARDENS NSW 2324,1
1411, TWELVE MILE CREEK NSW 2324,1
1412, ABERDARE NSW 2325,1
1413, ABERNETHY NSW 2325,1
1414, BELLBIRD NSW 2325,1
1415, BELLBIRD HEIGHTS NSW 2325,1
1416, BOREE NSW 2325,1
1417, CEDAR CREEK NSW 2325,1
1418, CESSNOCK NSW 2325,1
1419, CESSNOCK WEST NSW 2325,1
1420, CONGEWAI NSW 2325,1
1421, CORRABARE NSW 2325,1
1422, ELLALONG NSW 2325,1
1423, ELRINGTON NSW 2325,1
1424, GRETA MAIN NSW 2325,1
1425, KEARSLEY NSW 2325,1
1426, KITCHENER NSW 2325,1
1427, LAGUNA NSW 2325,1
1428, LOVEDALE NSW 2325,1
1429, MILLFIELD NSW 2325,1
1430, MORUBEN NSW 2325,1
1431, MOUNT VIEW NSW 2325,1
1432, NULKABA NSW 2325,1
1433, OLNEY NSW 2325,1
1434, PAXTON NSW 2325,1
1435, PAYNES CROSSING NSW 2325,1
1436, PELTON NSW 2325,1
1437, QUORROBOLONG NSW 2325,1
1438, SWEETMANS CREEK NSW 2325,1
1439, WOLLOMBI NSW 2325,1
1440, ABERMAIN NSW 2326,1
1441, BISHOPS BRIDGE NSW 2326,1
1442, LOXFORD NSW 2326,1
1443, NEATH NSW 2326,1
1444, SAWYERS GULLY NSW 2326,1
1445, WESTON NSW 2326,1
1446, KURRI KURRI NSW 2327,1
1447, PELAW MAIN NSW 2327,1
1448, STANFORD MERTHYR NSW 2327,1
1449, BUREEN NSW 2328,1
1450, DALSWINTON NSW 2328,1
1451, DENMAN NSW 2328,1
1452, GIANTS CREEK NSW 2328,1
1453, HOLLYDEEN NSW 2328,1
1454, KERRABEE NSW 2328,1
1455, MANGOOLA NSW 2328,1
1456, MARTINDALE NSW 2328,1
1457, WIDDEN NSW 2328,1
1458, YARRAWA NSW 2328,1
1459, BORAMBIL NSW 2329,1
1460, CASSILIS NSW 2329,1
1461, MERRIWA NSW 2329,1
1462, UARBRY NSW 2329,1
1463, APPLETREE FLAT NSW 2330,1
1464, BIG RIDGE NSW 2330,1
1465, BIG YENGO NSW 2330,1
1466, BOWMANS CREEK NSW 2330,1
1467, BRIDGMAN NSW 2330,1
1468, BROKE NSW 2330,1
1469, BULGA NSW 2330,1
1470, CAMBERWELL NSW 2330,1
1471, CARROWBROOK NSW 2330,1
1472, CLYDESDALE NSW 2330,1
1473, COMBO NSW 2330,1
1474, DARLINGTON NSW 2330,1
1475, DOYLES CREEK NSW 2330,1
1476, DUNOLLY NSW 2330,1
1477, DURAL NSW 2330,1
1478, DYRRING NSW 2330,1
1479, FALBROOK NSW 2330,1
1480, FERN GULLY NSW 2330,1
1481, FORDWICH NSW 2330,1
1482, GARLAND VALLEY NSW 2330,1
1483, GLENDON NSW 2330,1
1484, GLENNIES CREEK NSW 2330,1
1485, GLENRIDDING NSW 2330,1
1486, GOORANGOOLA NSW 2330,1
1487, GOULDSVILLE NSW 2330,1
1488, GOWRIE NSW 2330,1
1489, GREENLANDS NSW 2330,1
1490, HAMBLEDON HILL NSW 2330,1
1491, HEBDEN NSW 2330,1
1492, HOWES VALLEY NSW 2330,1
1493, HOWICK NSW 2330,1
1494, HUNTERVIEW NSW 2330,1
1495, JERRYS PLAINS NSW 2330,1
1496, LEMINGTON NSW 2330,1
1497, LONG POINT NSW 2330,1
1498, MAISON DIEU NSW 2330,1
1499, MCDOUGALLS HILL NSW 2330,1
1500, MIDDLE FALBROOK NSW 2330,1
1501, MILBRODALE NSW 2330,1
1502, MIRANNIE NSW 2330,1
1503, MITCHELLS FLAT NSW 2330,1
1504, MOUNT OLIVE NSW 2330,1
1505, MOUNT ROYAL NSW 2330,1
1506, MOUNT THORLEY NSW 2330,1
1507, OBANVALE NSW 2330,1
1508, PUTTY NSW 2330,1
1509, RAVENSWORTH NSW 2330,1
1510, REDBOURNBERRY NSW 2330,1
1511, REEDY CREEK NSW 2330,1
1512, RIXS CREEK NSW 2330,1
1513, ROUGHIT NSW 2330,1
1514, SCOTTS FLAT NSW 2330,1
1515, SEDGEFIELD NSW 2330,1
1516, SINGLETON NSW 2330,1
1517, SINGLETON HEIGHTS NSW 2330,1
1518, ST CLAIR NSW 2330,1
1519, WARKWORTH NSW 2330,1
1520, WATTLE PONDS NSW 2330,1
1521, WESTBROOK NSW 2330,1
1522, WHITTINGHAM NSW 2330,1
1523, WOLLEMI NSW 2330,1
1524, WYLIES FLAT NSW 2330,1
1525, SINGLETON MILITARY AREA NSW 2331,1
1526, BAERAMI NSW 2333,1
1527, BAERAMI CREEK NSW 2333,1
1528, BENGALLA NSW 2333,1
1529, CASTLE ROCK NSW 2333,1
1530, EDDERTON NSW 2333,1
1531, GUNGAL NSW 2333,1
1532, KAYUGA NSW 2333,1
1533, LIDDELL NSW 2333,1
1534, MANOBALAI NSW 2333,1
1535, MCCULLYS GAP NSW 2333,1
1536, MUSCLE CREEK NSW 2333,1
1537, MUSWELLBROOK NSW 2333,1
1538, SANDY HOLLOW NSW 2333,1
1539, WYBONG NSW 2333,1
1540, GRETA NSW 2334,1
1541, BELFORD NSW 2335,1
1542, BRANXTON NSW 2335,1
1543, DALWOOD NSW 2335,1
1544, EAST BRANXTON NSW 2335,1
1545, ELDERSLIE NSW 2335,1
1546, LAMBS VALLEY NSW 2335,1
1547, LECONFIELD NSW 2335,1
1548, LOWER BELFORD NSW 2335,1
1549, NORTH ROTHBURY NSW 2335,1
1550, STANHOPE NSW 2335,1
1551, ABERDEEN NSW 2336,1
1552, DARTBROOK NSW 2336,1
1553, DAVIS CREEK NSW 2336,1
1554, ROSSGOLE NSW 2336,1
1555, ROUCHEL NSW 2336,1
1556, ROUCHEL BROOK NSW 2336,1
1557, UPPER DARTBROOK NSW 2336,1
1558, UPPER ROUCHEL NSW 2336,1
1559, BELLTREES NSW 2337,1
1560, BRAWBOY NSW 2337,1
1561, BUNNAN NSW 2337,1
1562, DRY CREEK NSW 2337,1
1563, ELLERSTON NSW 2337,1
1564, GLENBAWN NSW 2337,1
1565, GLENROCK NSW 2337,1
1566, GUNDY NSW 2337,1
1567, KARS SPRINGS NSW 2337,1
1568, MIDDLE BROOK NSW 2337,1
1569, MOOBI NSW 2337,1
1570, MOONAN BROOK NSW 2337,1
1571, MOONAN FLAT NSW 2337,1
1572, MURULLA NSW 2337,1
1573, OMADALE NSW 2337,1
1574, OWENS GAP NSW 2337,1
1575, PAGES CREEK NSW 2337,1
1576, PARKVILLE NSW 2337,1
1577, SCONE NSW 2337,1
1578, SEGENHOE NSW 2337,1
1579, STEWARTS BROOK NSW 2337,1
1580, TOMALLA NSW 2337,1
1581, WAVERLY NSW 2337,1
1582, WINGEN NSW 2337,1
1583, WOOLOOMA NSW 2337,1
1584, ARDGLEN NSW 2338,1
1585, BLANDFORD NSW 2338,1
1586, CRAWNEY NSW 2338,1
1587, GREEN CREEK NSW 2338,1
1588, MURRURUNDI NSW 2338,1
1589, PAGES RIVER NSW 2338,1
1590, SANDY CREEK NSW 2338,1
1591, SCOTTS CREEK NSW 2338,1
1592, TIMOR NSW 2338,1
1593, BIG JACKS CREEK NSW 2339,1
1594, BRAEFIELD NSW 2339,1
1595, CATTLE CREEK NSW 2339,1
1596, CHILCOTTS CREEK NSW 2339,1
1597, LITTLE JACKS CREEK NSW 2339,1
1598, MACDONALDS CREEK NSW 2339,1
1599, PARRAWEENA NSW 2339,1
1600, WARRAH NSW 2339,1
1601, WARRAH CREEK NSW 2339,1
1602, WILLOW TREE NSW 2339,1
1603, APPLEBY NSW 2340,1
1604, BARRY NSW 2340,1
1605, BECTIVE NSW 2340,1
1606, BITHRAMERE NSW 2340,1
1607, BOWLING ALLEY POINT NSW 2340,1
1608, CALALA NSW 2340,1
1609, CARROLL NSW 2340,1
1610, DARUKA NSW 2340,1
1611, DUNCANS CREEK NSW 2340,1
1612, DUNGOWAN NSW 2340,1
1613, EAST TAMWORTH NSW 2340,1
1614, GAROO NSW 2340,1
1615, GIDLEY NSW 2340,1
1616, GOONOO GOONOO NSW 2340,1
1617, GOWRIE NSW 2340,1
1618, HALLSVILLE NSW 2340,1
1619, HANGING ROCK NSW 2340,1
1620, HILLVUE NSW 2340,1
1621, KEEPIT NSW 2340,1
1622, KINGSWOOD NSW 2340,1
1623, LOOMBERAH NSW 2340,1
1624, MOORE CREEK NSW 2340,1
1625, NEMINGHA NSW 2340,1
1626, NORTH TAMWORTH NSW 2340,1
1627, NUNDLE NSW 2340,1
1628, OGUNBIL NSW 2340,1
1629, OXLEY VALE NSW 2340,1
1630, PIALLAMORE NSW 2340,1
1631, SOMERTON NSW 2340,1
1632, SOUTH TAMWORTH NSW 2340,1
1633, TAMINDA NSW 2340,1
1634, TAMWORTH NSW 2340,1
1635, TIMBUMBURI NSW 2340,1
1636, WALLAMORE NSW 2340,1
1637, WARRAL NSW 2340,1
1638, WEABONGA NSW 2340,1
1639, WEST TAMWORTH NSW 2340,1
1640, WESTDALE NSW 2340,1
1641, WOOLOMIN NSW 2340,1
1642, WERRIS CREEK NSW 2341,1
1643, CURRABUBULA NSW 2342,1
1644, PIALLAWAY NSW 2342,1
1645, BLACKVILLE NSW 2343,1
1646, BUNDELLA NSW 2343,1
1647, CAROONA NSW 2343,1
1648, COLLY BLUE NSW 2343,1
1649, COOMOO COOMOO NSW 2343,1
1650, PINE RIDGE NSW 2343,1
1651, QUIPOLLY NSW 2343,1
1652, QUIRINDI NSW 2343,1
1653, SPRING RIDGE NSW 2343,1
1654, WALLABADAH NSW 2343,1
1655, WARRAH RIDGE NSW 2343,1
1656, WINDY NSW 2343,1
1657, YANNERGEE NSW 2343,1
1658, DURI NSW 2344,1
1659, WINTON NSW 2344,1
1660, ATTUNGA NSW 2345,1
1661, GARTHOWEN NSW 2345,1
1662, BORAH CREEK NSW 2346,1
1663, HALLS CREEK NSW 2346,1
1664, KLORI NSW 2346,1
1665, MANILLA NSW 2346,1
1666, NAMOI RIVER NSW 2346,1
1667, NEW MEXICO NSW 2346,1
1668, RUSHES CREEK NSW 2346,1
1669, UPPER MANILLA NSW 2346,1
1670, WARRABAH NSW 2346,1
1671, WONGO CREEK NSW 2346,1
1672, BANOON NSW 2347,1
1673, BARRABA NSW 2347,1
1674, CARODA NSW 2347,1
1675, COBBADAH NSW 2347,1
1676, GULF CREEK NSW 2347,1
1677, GUNDAMULDA NSW 2347,1
1678, IRONBARK NSW 2347,1
1679, LINDESAY NSW 2347,1
1680, LONGARM NSW 2347,1
1681, MAYVALE NSW 2347,1
1682, RED HILL NSW 2347,1
1683, THIRLOENE NSW 2347,1
1684, UPPER HORTON NSW 2347,1
1685, WOODSREEF NSW 2347,1
1686, ABERFOYLE NSW 2350,1
1687, ABINGTON NSW 2350,1
1688, ARGYLE NSW 2350,1
1689, ARMIDALE NSW 2350,1
1690, BONA VISTA NSW 2350,1
1691, BOOROLONG NSW 2350,1
1692, CASTLE DOYLE NSW 2350,1
1693, DANGARSLEIGH NSW 2350,1
1694, DONALD CREEK NSW 2350,1
1695, DUMARESQ NSW 2350,1
1696, DUVAL NSW 2350,1
1697, ENMORE NSW 2350,1
1698, HILLGROVE NSW 2350,1
1699, INVERGOWRIE NSW 2350,1
1700, JEOGLA NSW 2350,1
1701, KELLYS PLAINS NSW 2350,1
1702, LYNDHURST NSW 2350,1
1703, PUDDLEDOCK NSW 2350,1
1704, SAUMAREZ NSW 2350,1
1705, SAUMAREZ PONDS NSW 2350,1
1706, THALGARRAH NSW 2350,1
1707, TILBUSTER NSW 2350,1
1708, WARDS MISTAKE NSW 2350,1
1709, WEST ARMIDALE NSW 2350,1
1710, WOLLOMOMBI NSW 2350,1
1711, WONGWIBINDA NSW 2350,1
1712, UNIVERSITY OF NEW ENGLAND NSW 2351,1
1713, KOOTINGAL NSW 2352,1
1714, LIMBRI NSW 2352,1
1715, MULLA CREEK NSW 2352,1
1716, TINTINHULL NSW 2352,1
1717, MOONBI NSW 2353,1
1718, BRANGA PLAINS NSW 2354,1
1719, KENTUCKY NSW 2354,1
1720, KENTUCKY SOUTH NSW 2354,1
1721, MOONA PLAINS NSW 2354,1
1722, NIANGALA NSW 2354,1
1723, NOWENDOC NSW 2354,1
1724, WALCHA NSW 2354,1
1725, WALCHA ROAD NSW 2354,1
1726, WOLLUN NSW 2354,1
1727, WOOLBROOK NSW 2354,1
1728, YARROWITCH NSW 2354,1
1729, BENDEMEER NSW 2355,1
1730, WATSONS CREEK NSW 2355,1
1731, GWABEGAR NSW 2356,1
1732, BOMERA NSW 2357,1
1733, BUGALDIE NSW 2357,1
1734, COONABARABRAN NSW 2357,1
1735, DANDRY NSW 2357,1
1736, GOWANG NSW 2357,1
1737, PURLEWAUGH NSW 2357,1
1738, ROCKY GLEN NSW 2357,1
1739, TANNABAR NSW 2357,1
1740, ULAMAMBRI NSW 2357,1
1741, ARDING NSW 2358,1
1742, BAKERS CREEK NSW 2358,1
1743, BALALA NSW 2358,1
1744, ENMORE NSW 2358,1
1745, GOSTWYCK NSW 2358,1
1746, KINGSTOWN NSW 2358,1
1747, MIHI NSW 2358,1
1748, ROCKY RIVER NSW 2358,1
1749, SALISBURY PLAINS NSW 2358,1
1750, TORRYBURN NSW 2358,1
1751, URALLA NSW 2358,1
1752, YARROWYCK NSW 2358,1
1753, ABERDEEN NSW 2359,1
1754, BUNDARRA NSW 2359,1
1755, CAMERONS CREEK NSW 2359,1
1756, AUBURN VALE NSW 2360,1
1757, BRODIES PLAINS NSW 2360,1
1758, BUKKULLA NSW 2360,1
1759, CHERRY TREE HILL NSW 2360,1
1760, COPETON NSW 2360,1
1761, ELSMORE NSW 2360,1
1762, GILGAI NSW 2360,1
1763, GRAMAN NSW 2360,1
1764, GUM FLAT NSW 2360,1
1765, HOWELL NSW 2360,1
1766, INVERELL NSW 2360,1
1767, KINGS PLAINS NSW 2360,1
1768, LITTLE PLAIN NSW 2360,1
1769, LONG PLAIN NSW 2360,1
1770, MOUNT RUSSELL NSW 2360,1
1771, NEWSTEAD NSW 2360,1
1772, NULLAMANNA NSW 2360,1
1773, PARADISE NSW 2360,1
1774, ROB ROY NSW 2360,1
1775, SAPPHIRE NSW 2360,1
1776, SPRING MOUNTAIN NSW 2360,1
1777, STANBOROUGH NSW 2360,1
1778, SWANBROOK NSW 2360,1
1779, WALLANGRA NSW 2360,1
1780, WANDERA NSW 2360,1
1781, WOODSTOCK NSW 2360,1
1782, ASHFORD NSW 2361,1
1783, ATHOLWOOD NSW 2361,1
1784, BONSHAW NSW 2361,1
1785, LIMESTONE NSW 2361,1
1786, PINDAROI NSW 2361,1
1787, BACKWATER NSW 2365,1
1788, BALD BLAIR NSW 2365,1
1789, BALDERSLEIGH NSW 2365,1
1790, BASSENDEAN NSW 2365,1
1791, BEN LOMOND NSW 2365,1
1792, BLACK MOUNTAIN NSW 2365,1
1793, BRIARBROOK NSW 2365,1
1794, BROCKLEY NSW 2365,1
1795, BRUSHY CREEK NSW 2365,1
1796, FALCONER NSW 2365,1
1797, GEORGES CREEK NSW 2365,1
1798, GLEN NEVIS NSW 2365,1
1799, GLENCOE NSW 2365,1
1800, GREEN HILLS NSW 2365,1
1801, GUYRA NSW 2365,1
1802, LLANGOTHLIN NSW 2365,1
1803, MAYBOLE NSW 2365,1
1804, MOUNT MITCHELL NSW 2365,1
1805, NEW VALLEY NSW 2365,1
1806, OBAN NSW 2365,1
1807, SOUTH GUYRA NSW 2365,1
1808, TENTERDEN NSW 2365,1
1809, THE BASIN NSW 2365,1
1810, TUBBAMURRA NSW 2365,1
1811, WANDSWORTH NSW 2365,1
1812, OLD MILL NSW 2369,1
1813, STANNIFER NSW 2369,1
1814, TINGHA NSW 2369,1
1815, BALD NOB NSW 2370,1
1816, DIEHARD NSW 2370,1
1817, DUNDEE NSW 2370,1
1818, FURRACABAD NSW 2370,1
1819, GIBRALTAR RANGE NSW 2370,1
1820, GLEN ELGIN NSW 2370,1
1821, GLEN INNES NSW 2370,1
1822, KINGSGATE NSW 2370,1
1823, KOOKABOOKRA NSW 2370,1
1824, LAMBS VALLEY NSW 2370,1
1825, MATHESON NSW 2370,1
1826, MOGGS SWAMP NSW 2370,1
1827, MOOGEM NSW 2370,1
1828, MORVEN NSW 2370,1
1829, NEWTON BOYD NSW 2370,1
1830, PINKETT NSW 2370,1
1831, RANGERS VALLEY NSW 2370,1
1832, RED RANGE NSW 2370,1
1833, REDDESTONE NSW 2370,1
1834, SHANNON VALE NSW 2370,1
1835, SWAN VALE NSW 2370,1
1836, WELLINGROVE NSW 2370,1
1837, YARROWFORD NSW 2370,1
1838, CAPOOMPETA NSW 2371,1
1839, DEEPWATER NSW 2371,1
1840, EMMAVILLE NSW 2371,1
1841, ROCKY CREEK NSW 2371,1
1842, STANNUM NSW 2371,1
1843, TENT HILL NSW 2371,1
1844, THE GULF NSW 2371,1
1845, TORRINGTON NSW 2371,1
1846, WELLINGTON VALE NSW 2371,1
1847, YELLOW DAM NSW 2371,1
1848, BACK CREEK NSW 2372,1
1849, BILLYRIMBA NSW 2372,1
1850, BLACK SWAMP NSW 2372,1
1851, BLUFF ROCK NSW 2372,1
1852, BOLIVIA NSW 2372,1
1853, BOONOO BOONOO NSW 2372,1
1854, BOOROOK NSW 2372,1
1855, BRYANS GAP NSW 2372,1
1856, BUNGULLA NSW 2372,1
1857, CARROLLS CREEK NSW 2372,1
1858, CULLENDORE NSW 2372,1
1859, JENNINGS NSW 2372,1
1860, LEECHS GULLY NSW 2372,1
1861, LISTON NSW 2372,1
1862, MINGOOLA NSW 2372,1
1863, MOLE RIVER NSW 2372,1
1864, MOUNT MACKENZIE NSW 2372,1
1865, PYES CREEK NSW 2372,1
1866, RIVERTREE NSW 2372,1
1867, ROCKY RIVER NSW 2372,1
1868, SANDY FLAT NSW 2372,1
1869, SANDY HILL NSW 2372,1
1870, SILENT GROVE NSW 2372,1
1871, STEINBROOK NSW 2372,1
1872, SUNNYSIDE NSW 2372,1
1873, TARBAN NSW 2372,1
1874, TENTERFIELD NSW 2372,1
1875, THE SCRUB NSW 2372,1
1876, TIMBARRA NSW 2372,1
1877, WILLSONS DOWNFALL NSW 2372,1
1878, WYLIE CREEK NSW 2372,1
1879, GOOLHI NSW 2379,1
1880, MULLALEY NSW 2379,1
1881, NAPIER LANE NSW 2379,1
1882, NOMBI NSW 2379,1
1883, BLUE VALE NSW 2380,1
1884, EMERALD HILL NSW 2380,1
1885, GHOOLENDAADI NSW 2380,1
1886, GUNNEDAH NSW 2380,1
1887, KELVIN NSW 2380,1
1888, MARYS MOUNT NSW 2380,1
1889, MILROY NSW 2380,1
1890, ORANGE GROVE NSW 2380,1
1891, RANGARI NSW 2380,1
1892, BREEZA NSW 2381,1
1893, CURLEWIS NSW 2381,1
1894, PREMER NSW 2381,1
1895, TAMBAR SPRINGS NSW 2381,1
1896, BOGGABRI NSW 2382,1
1897, MAULES CREEK NSW 2382,1
1898, WEAN NSW 2382,1
1899, WILLALA NSW 2382,1
1900, BURREN JUNCTION NSW 2386,1
1901, DRILDOOL NSW 2386,1
1902, NOWLEY NSW 2386,1
1903, BULYEROI NSW 2387,1
1904, ROWENA NSW 2387,1
1905, BOOLCARROLL NSW 2388,1
1906, CUTTABRI NSW 2388,1
1907, JEWS LAGOON NSW 2388,1
1908, MERAH NORTH NSW 2388,1
1909, PILLIGA NSW 2388,1
1910, SPRING PLAINS NSW 2388,1
1911, THE PILLIGA NSW 2388,1
1912, WEE WAA NSW 2388,1
1913, YARRIE LAKE NSW 2388,1
1914, BAAN BAA NSW 2390,1
1915, BACK CREEK NSW 2390,1
1916, BERRIGAL NSW 2390,1
1917, BOHENA CREEK NSW 2390,1
1918, BULLAWA CREEK NSW 2390,1
1919, COURADDA NSW 2390,1
1920, EDGEROI NSW 2390,1
1921, EULAH CREEK NSW 2390,1
1922, HARPARARY NSW 2390,1
1923, JACKS CREEK NSW 2390,1
1924, KAPUTAR NSW 2390,1
1925, NARRABRI NSW 2390,1
1926, NARRABRI WEST NSW 2390,1
1927, ROCKY CREEK NSW 2390,1
1928, TARRIARO NSW 2390,1
1929, TURRAWAN NSW 2390,1
1930, BINNAWAY NSW 2395,1
1931, ROPERS ROAD NSW 2395,1
1932, WEETALIBA NSW 2395,1
1933, BARADINE NSW 2396,1
1934, BARWON NSW 2396,1
1935, GOORIANAWA NSW 2396,1
1936, KENEBRI NSW 2396,1
1937, BELLATA NSW 2397,1
1938, MILLIE NSW 2397,1
1939, THALABA NSW 2397,1
1940, GURLEY NSW 2398,1
1941, BINIGUY NSW 2399,1
1942, PALLAMALLAWA NSW 2399,1
1943, ASHLEY NSW 2400,1
1944, BULLARAH NSW 2400,1
1945, CROOBLE NSW 2400,1
1946, MALLOWA NSW 2400,1
1947, MOREE NSW 2400,1
1948, MOREE EAST NSW 2400,1
1949, TERRY HIE HIE NSW 2400,1
1950, TULLOONA NSW 2400,1
1951, YARRAMAN NSW 2400,1
1952, GRAVESEND NSW 2401,1
1953, BALFOURS PEAK NSW 2402,1
1954, COOLATAI NSW 2402,1
1955, WARIALDA NSW 2402,1
1956, WARIALDA RAIL NSW 2402,1
1957, DELUNGRA NSW 2403,1
1958, GRAGIN NSW 2403,1
1959, MYALL CREEK NSW 2403,1
1960, BANGHEET NSW 2404,1
1961, BINGARA NSW 2404,1
1962, DINOGA NSW 2404,1
1963, ELCOMBE NSW 2404,1
1964, GINEROI NSW 2404,1
1965, KEERA NSW 2404,1
1966, PALLAL NSW 2404,1
1967, RIVERVIEW NSW 2404,1
1968, UPPER BINGARA NSW 2404,1
1969, BOOMI NSW 2405,1
1970, GARAH NSW 2405,1
1971, MUNGINDI NSW 2406,1
1972, WEEMELAH NSW 2406,1
1973, NORTH STAR NSW 2408,1
1974, BOGGABILLA NSW 2409,1
1975, BOONAL NSW 2409,1
1976, BLUE NOBBY NSW 2410,1
1977, TWIN RIVERS NSW 2410,1
1978, YETMAN NSW 2410,1
1979, CROPPA CREEK NSW 2411,1
1980, YALLAROI NSW 2411,1
1981, MONKERAI NSW 2415,1
1982, NOOROO NSW 2415,1
1983, STROUD ROAD NSW 2415,1
1984, UPPER KARUAH RIVER NSW 2415,1
1985, WEISMANTELS NSW 2415,1
1986, ALISON NSW 2420,1
1987, BANDON GROVE NSW 2420,1
1988, BENDOLBA NSW 2420,1
1989, BROOKFIELD NSW 2420,1
1990, CAMBRA NSW 2420,1
1991, CHICHESTER NSW 2420,1
1992, DUNGOG NSW 2420,1
1993, FLAT TOPS NSW 2420,1
1994, FOSTERTON NSW 2420,1
1995, HANLEYS CREEK NSW 2420,1
1996, HILLDALE NSW 2420,1
1997, MAIN CREEK NSW 2420,1
1998, MARSHDALE NSW 2420,1
1999, MARTINS CREEK NSW 2420,1
2000, MUNNI NSW 2420,1
2001, SALISBURY NSW 2420,1
2002, STROUD HILL NSW 2420,1
2003, SUGARLOAF NSW 2420,1
2004, TABBIL CREEK NSW 2420,1
2005, UNDERBANK NSW 2420,1
2006, WALLARINGA NSW 2420,1
2007, WALLAROBBA NSW 2420,1
2008, WIRRAGULLA NSW 2420,1
2009, FISHERS HILL NSW 2421,1
2010, PATERSON NSW 2421,1
2011, TOCAL NSW 2421,1
2012, TORRYBURN NSW 2421,1
2013, VACY NSW 2421,1
2014, WEBBERS CREEK NSW 2421,1
2015, BACK CREEK NSW 2422,1
2016, BAKERS CREEK NSW 2422,1
2017, BARRINGTON NSW 2422,1
2018, BARRINGTON TOPS NSW 2422,1
2019, BAXTERS RIDGE NSW 2422,1
2020, BELBORA NSW 2422,1
2021, BERRICO NSW 2422,1
2022, BINDERA NSW 2422,1
2023, BOWMAN NSW 2422,1
2024, BOWMAN FARM NSW 2422,1
2025, BRETTI NSW 2422,1
2026, BULLIAC NSW 2422,1
2027, BUNDOOK NSW 2422,1
2028, CALLAGHANS CREEK NSW 2422,1
2029, COBARK NSW 2422,1
2030, CONEAC NSW 2422,1
2031, COPELAND NSW 2422,1
2032, CRAVEN NSW 2422,1
2033, CRAVEN PLATEAU NSW 2422,1
2034, CURRICABARK NSW 2422,1
2035, DEWITT NSW 2422,1
2036, FAULKLAND NSW 2422,1
2037, FORBESDALE NSW 2422,1
2038, GANGAT NSW 2422,1
2039, GIRO NSW 2422,1
2040, GLEN WARD NSW 2422,1
2041, GLOUCESTER NSW 2422,1
2042, GLOUCESTER TOPS NSW 2422,1
2043, INVERGORDON NSW 2422,1
2044, KIA ORA NSW 2422,1
2045, MARES RUN NSW 2422,1
2046, MERNOT NSW 2422,1
2047, MOGRANI NSW 2422,1
2048, MOPPY NSW 2422,1
2049, RAWDON VALE NSW 2422,1
2050, ROOKHURST NSW 2422,1
2051, STRATFORD NSW 2422,1
2052, TERREEL NSW 2422,1
2053, TIBBUC NSW 2422,1
2054, TITAATEE CREEK NSW 2422,1
2055, TUGRABAKH NSW 2422,1
2056, UPPER BOWMAN NSW 2422,1
2057, WALLANBAH NSW 2422,1
2058, WARDS RIVER NSW 2422,1
2059, WAUKIVORY NSW 2422,1
2060, WOKO NSW 2422,1
2061, BOMBAH POINT NSW 2423,1
2062, BOOLAMBAYTE NSW 2423,1
2063, BULAHDELAH NSW 2423,1
2064, BUNGWAHL NSW 2423,1
2065, COOLONGOLOOK NSW 2423,1
2066, CRAWFORD RIVER NSW 2423,1
2067, MARKWELL NSW 2423,1
2068, MAYERS FLAT NSW 2423,1
2069, MUNGO BRUSH NSW 2423,1
2070, MYALL LAKE NSW 2423,1
2071, NERONG NSW 2423,1
2072, SEAL ROCKS NSW 2423,1
2073, TOPI TOPI NSW 2423,1
2074, UPPER MYALL NSW 2423,1
2075, VIOLET HILL NSW 2423,1
2076, WALLINGAT NSW 2423,1
2077, WANG WAUK NSW 2423,1
2078, WARRANULLA NSW 2423,1
2079, WILLINA NSW 2423,1
2080, WOOTTON NSW 2423,1
2081, YAGON NSW 2423,1
2082, CAFFREYS FLAT NSW 2424,1
2083, CELLS RIVER NSW 2424,1
2084, COOPLACURRIPA NSW 2424,1
2085, CUNDLE FLAT NSW 2424,1
2086, KNORRIT FLAT NSW 2424,1
2087, MOUNT GEORGE NSW 2424,1
2088, NUMBER ONE NSW 2424,1
2089, TIRI NSW 2424,1
2090, ALLWORTH NSW 2425,1
2091, BOORAL NSW 2425,1
2092, GIRVAN NSW 2425,1
2093, STROUD NSW 2425,1
2094, THE BRANCH NSW 2425,1
2095, WASHPOOL NSW 2425,1
2096, COOPERNOOK NSW 2426,1
2097, LANGLEY VALE NSW 2426,1
2098, MOTO NSW 2426,1
2099, CROWDY HEAD NSW 2427,1
2100, HARRINGTON NSW 2427,1
2101, BLUEYS BEACH NSW 2428,1
2102, BOOMERANG BEACH NSW 2428,1
2103, BOOTI BOOTI NSW 2428,1
2104, CHARLOTTE BAY NSW 2428,1
2105, COOMBA BAY NSW 2428,1
2106, COOMBA PARK NSW 2428,1
2107, DARAWANK NSW 2428,1
2108, ELIZABETH BEACH NSW 2428,1
2109, FORSTER NSW 2428,1
2110, FORSTER SHOPPING VILLAGE NSW 2428,1
2111, GREEN POINT NSW 2428,1
2112, PACIFIC PALMS NSW 2428,1
2113, SANDBAR NSW 2428,1
2114, SHALLOW BAY NSW 2428,1
2115, SMITHS LAKE NSW 2428,1
2116, TARBUCK BAY NSW 2428,1
2117, TIONA NSW 2428,1
2118, TUNCURRY NSW 2428,1
2119, WALLIS LAKE NSW 2428,1
2120, WHOOTA NSW 2428,1
2121, BOBIN NSW 2429,1
2122, BOORGANNA NSW 2429,1
2123, BUCCA WAUKA NSW 2429,1
2124, BULGA FOREST NSW 2429,1
2125, BUNYAH NSW 2429,1
2126, BURRELL CREEK NSW 2429,1
2127, CAPARRA NSW 2429,1
2128, CEDAR PARTY NSW 2429,1
2129, COMBOYNE NSW 2429,1
2130, DINGO FOREST NSW 2429,1
2131, DOLLYS FLAT NSW 2429,1
2132, DYERS CROSSING NSW 2429,1
2133, ELANDS NSW 2429,1
2134, FIREFLY NSW 2429,1
2135, INNES VIEW NSW 2429,1
2136, KARAAK FLAT NSW 2429,1
2137, KILLABAKH NSW 2429,1
2138, KILLAWARRA NSW 2429,1
2139, KIMBRIKI NSW 2429,1
2140, KIPPAXS NSW 2429,1
2141, KRAMBACH NSW 2429,1
2142, KUNDIBAKH NSW 2429,1
2143, MARLEE NSW 2429,1
2144, MOORAL CREEK NSW 2429,1
2145, STRATHCEDAR NSW 2429,1
2146, THE BIGHT NSW 2429,1
2147, TIPPERARY NSW 2429,1
2148, WHERROL FLAT NSW 2429,1
2149, WINGHAM NSW 2429,1
2150, YARRATT FOREST NSW 2429,1
2151, BLACK HEAD NSW 2430,1
2152, BOHNOCK NSW 2430,1
2153, BOOTAWA NSW 2430,1
2154, BRIMBIN NSW 2430,1
2155, CHATHAM NSW 2430,1
2156, CROKI NSW 2430,1
2157, CUNDLETOWN NSW 2430,1
2158, DIAMOND BEACH NSW 2430,1
2159, DUMARESQ ISLAND NSW 2430,1
2160, FAILFORD NSW 2430,1
2161, GHINNI GHINNI NSW 2430,1
2162, GLENTHORNE NSW 2430,1
2163, HALLIDAYS POINT NSW 2430,1
2164, HILLVILLE NSW 2430,1
2165, JONES ISLAND NSW 2430,1
2166, KIWARRAK NSW 2430,1
2167, KOORAINGHAT NSW 2430,1
2168, KUNDLE KUNDLE NSW 2430,1
2169, LANSDOWNE NSW 2430,1
2170, LANSDOWNE FOREST NSW 2430,1
2171, MANNING POINT NSW 2430,1
2172, MELINGA NSW 2430,1
2173, MITCHELLS ISLAND NSW 2430,1
2174, MONDROOK NSW 2430,1
2175, OLD BAR NSW 2430,1
2176, OXLEY ISLAND NSW 2430,1
2177, PAMPOOLAH NSW 2430,1
2178, POSSUM BRUSH NSW 2430,1
2179, PURFLEET NSW 2430,1
2180, RAINBOW FLAT NSW 2430,1
2181, RED HEAD NSW 2430,1
2182, SALTWATER NSW 2430,1
2183, TALLWOODS VILLAGE NSW 2430,1
2184, TAREE NSW 2430,1
2185, TAREE SOUTH NSW 2430,1
2186, TINONEE NSW 2430,1
2187, UPPER LANSDOWNE NSW 2430,1
2188, WALLABI POINT NSW 2430,1
2189, ARAKOON NSW 2431,1
2190, JERSEYVILLE NSW 2431,1
2191, SOUTH WEST ROCKS NSW 2431,1
2192, BATAR CREEK NSW 2439,1
2193, BLACK CREEK NSW 2439,1
2194, BOBS CREEK NSW 2439,1
2195, KENDALL NSW 2439,1
2196, KEREWONG NSW 2439,1
2197, KEW NSW 2439,1
2198, LOGANS CROSSING NSW 2439,1
2199, LORNE NSW 2439,1
2200, ROSSGLEN NSW 2439,1
2201, SWANS CROSSING NSW 2439,1
2202, UPSALLS CREEK NSW 2439,1
2203, ALDAVILLA NSW 2440,1
2204, AUSTRAL EDEN NSW 2440,1
2205, BELLBROOK NSW 2440,1
2206, BELLIMBOPINNI NSW 2440,1
2207, BELMORE RIVER NSW 2440,1
2208, BURNT BRIDGE NSW 2440,1
2209, CARRAI NSW 2440,1
2210, CLYBUCCA NSW 2440,1
2211, COLLOMBATTI NSW 2440,1
2212, COMARA NSW 2440,1
2213, CORANGULA NSW 2440,1
2214, CRESCENT HEAD NSW 2440,1
2215, DEEP CREEK NSW 2440,1
2216, DONDINGALONG NSW 2440,1
2217, EAST KEMPSEY NSW 2440,1
2218, EUROKA NSW 2440,1
2219, FREDERICKTON NSW 2440,1
2220, GLADSTONE NSW 2440,1
2221, GREENHILL NSW 2440,1
2222, HAMPDEN HALL NSW 2440,1
2223, HAT HEAD NSW 2440,1
2224, HICKEYS CREEK NSW 2440,1
2225, KEMPSEY NSW 2440,1
2226, KINCHELA NSW 2440,1
2227, LOWER CREEK NSW 2440,1
2228, MILLBANK NSW 2440,1
2229, MOONEBA NSW 2440,1
2230, MOPARRABAH NSW 2440,1
2231, MUNGAY CREEK NSW 2440,1
2232, OLD STATION NSW 2440,1
2233, POLA CREEK NSW 2440,1
2234, RAINBOW REACH NSW 2440,1
2235, SEVEN OAKS NSW 2440,1
2236, SHERWOOD NSW 2440,1
2237, SKILLION FLAT NSW 2440,1
2238, SMITHTOWN NSW 2440,1
2239, SOUTH KEMPSEY NSW 2440,1
2240, SUMMER ISLAND NSW 2440,1
2241, TEMAGOG NSW 2440,1
2242, TOOROOKA NSW 2440,1
2243, TURNERS FLAT NSW 2440,1
2244, VERGES CREEK NSW 2440,1
2245, WEST KEMPSEY NSW 2440,1
2246, WILLAWARRIN NSW 2440,1
2247, WILLI WILLI NSW 2440,1
2248, WITTITRIN NSW 2440,1
2249, YARRAVEL NSW 2440,1
2250, YESSABAH NSW 2440,1
2251, ALLGOMERA NSW 2441,1
2252, BALLENGARRA NSW 2441,1
2253, BARRAGANYATTI NSW 2441,1
2254, BONVILLE NSW 2441,1
2255, BRIL BRIL NSW 2441,1
2256, BRINERVILLE NSW 2441,1
2257, COOPERABUNG NSW 2441,1
2258, EUNGAI CREEK NSW 2441,1
2259, EUNGAI RAIL NSW 2441,1
2260, FISHERMANS REACH NSW 2441,1
2261, GRASSY HEAD NSW 2441,1
2262, GUM SCRUB NSW 2441,1
2263, HACKS FERRY NSW 2441,1
2264, KIPPARA NSW 2441,1
2265, KUNDABUNG NSW 2441,1
2266, ROLLANDS PLAINS NSW 2441,1
2267, STUARTS POINT NSW 2441,1
2268, TAMBAN NSW 2441,1
2269, TELEGRAPH POINT NSW 2441,1
2270, UPPER ROLLANDS PLAINS NSW 2441,1
2271, YARRAHAPINNI NSW 2441,1
2272, BOBS CREEK NSW 2443,1
2273, CAMDEN HEAD NSW 2443,1
2274, CORALVILLE NSW 2443,1
2275, DEAUVILLE NSW 2443,1
2276, DIAMOND HEAD NSW 2443,1
2277, DUNBOGAN NSW 2443,1
2278, HANNAM VALE NSW 2443,1
2279, HERONS CREEK NSW 2443,1
2280, JOHNS RIVER NSW 2443,1
2281, LAKEWOOD NSW 2443,1
2282, LAURIETON NSW 2443,1
2283, MIDDLE BROTHER NSW 2443,1
2284, MOORLAND NSW 2443,1
2285, NORTH BROTHER NSW 2443,1
2286, NORTH HAVEN NSW 2443,1
2287, STEWARTS RIVER NSW 2443,1
2288, WAITUI NSW 2443,1
2289, WEST HAVEN NSW 2443,1
2290, BLACKMANS POINT NSW 2444,1
2291, FERNBANK CREEK NSW 2444,1
2292, FLYNNS BEACH NSW 2444,1
2293, LIGHTHOUSE BEACH NSW 2444,1
2294, LIMEBURNERS CREEK NSW 2444,1
2295, NORTH SHORE NSW 2444,1
2296, PORT MACQUARIE NSW 2444,1
2297, RIVERSIDE NSW 2444,1
2298, SETTLEMENT CITY NSW 2444,1
2299, THE HATCH NSW 2444,1
2300, THRUMSTER NSW 2444,1
2301, BONNY HILLS NSW 2445,1
2302, GRANTS BEACH NSW 2445,1
2303, JOLLY NOSE NSW 2445,1
2304, LAKE CATHIE NSW 2445,1
2305, BAGNOO NSW 2446,1
2306, BAGO NSW 2446,1
2307, BANDA BANDA NSW 2446,1
2308, BEECHWOOD NSW 2446,1
2309, BELLANGRY NSW 2446,1
2310, BIRDWOOD NSW 2446,1
2311, BROMBIN NSW 2446,1
2312, BYABARRA NSW 2446,1
2313, CAIRNCROSS NSW 2446,1
2314, CROSSLANDS NSW 2446,1
2315, DEBENHAM NSW 2446,1
2316, DOYLES RIVER NSW 2446,1
2317, ELLENBOROUGH NSW 2446,1
2318, FORBES RIVER NSW 2446,1
2319, FRAZERS CREEK NSW 2446,1
2320, GEARYS FLAT NSW 2446,1
2321, HARTYS PLAINS NSW 2446,1
2322, HOLLISDALE NSW 2446,1
2323, HUNTINGDON NSW 2446,1
2324, HYNDMANS CREEK NSW 2446,1
2325, KINDEE NSW 2446,1
2326, KING CREEK NSW 2446,1
2327, LAKE INNES NSW 2446,1
2328, LONG FLAT NSW 2446,1
2329, LOWER PAPPINBARRA NSW 2446,1
2330, MARLO MERRICAN NSW 2446,1
2331, MORTONS CREEK NSW 2446,1
2332, MOUNT SEAVIEW NSW 2446,1
2333, PAPPINBARRA NSW 2446,1
2334, PEMBROOKE NSW 2446,1
2335, PIPECLAY NSW 2446,1
2336, RAWDON ISLAND NSW 2446,1
2337, REDBANK NSW 2446,1
2338, ROSEWOOD NSW 2446,1
2339, SANCROX NSW 2446,1
2340, TOMS CREEK NSW 2446,1
2341, UPPER PAPPINBARRA NSW 2446,1
2342, WAUCHOPE NSW 2446,1
2343, WERRIKIMBE NSW 2446,1
2344, YARRAS NSW 2446,1
2345, YIPPIN CREEK NSW 2446,1
2346, BAKERS CREEK NSW 2447,1
2347, BURRAPINE NSW 2447,1
2348, CONGARINNI NSW 2447,1
2349, CONGARINNI NORTH NSW 2447,1
2350, DONNELLYVILLE NSW 2447,1
2351, GUMMA NSW 2447,1
2352, MACKSVILLE NSW 2447,1
2353, NEWEE CREEK NSW 2447,1
2354, NORTH MACKSVILLE NSW 2447,1
2355, SCOTTS HEAD NSW 2447,1
2356, TALARM NSW 2447,1
2357, TAYLORS ARM NSW 2447,1
2358, THUMB CREEK NSW 2447,1
2359, UPPER TAYLORS ARM NSW 2447,1
2360, UTUNGUN NSW 2447,1
2361, WARRELL CREEK NSW 2447,1
2362, WAY WAY NSW 2447,1
2363, WIRRIMBI NSW 2447,1
2364, YARRANBELLA NSW 2447,1
2365, HYLAND PARK NSW 2448,1
2366, NAMBUCCA HEADS NSW 2448,1
2367, VALLA NSW 2448,1
2368, VALLA BEACH NSW 2448,1
2369, ARGENTS HILL NSW 2449,1
2370, BOWRAVILLE NSW 2449,1
2371, BUCKRA BENDINNI NSW 2449,1
2372, GIRRALONG NSW 2449,1
2373, KENNAICLE CREEK NSW 2449,1
2374, MISSABOTTI NSW 2449,1
2375, SOUTH ARM NSW 2449,1
2376, TEWINGA NSW 2449,1
2377, BOAMBEE NSW 2450,1
2378, BROOKLANA NSW 2450,1
2379, BUCCA NSW 2450,1
2380, COFFS HARBOUR NSW 2450,1
2381, COFFS HARBOUR JETTY NSW 2450,1
2382, COFFS HARBOUR PLAZA NSW 2450,1
2383, CORAMBA NSW 2450,1
2384, GLENREAGH NSW 2450,1
2385, KARANGI NSW 2450,1
2386, KORORA NSW 2450,1
2387, LOWANNA NSW 2450,1
2388, MOONEE BEACH NSW 2450,1
2389, NANA GLEN NSW 2450,1
2390, NORTH BOAMBEE VALLEY NSW 2450,1
2391, SAPPHIRE BEACH NSW 2450,1
2392, SHERWOOD NSW 2450,1
2393, ULONG NSW 2450,1
2394, UPPER ORARA NSW 2450,1
2395, BOAMBEE EAST NSW 2452,1
2396, SAWTELL NSW 2452,1
2397, TOORMINA NSW 2452,1
2398, BILLYS CREEK NSW 2453,1
2399, BOSTOBRICK NSW 2453,1
2400, CASCADE NSW 2453,1
2401, CLOUDS CREEK NSW 2453,1
2402, DEER VALE NSW 2453,1
2403, DORRIGO NSW 2453,1
2404, DORRIGO MOUNTAIN NSW 2453,1
2405, DUNDURRABIN NSW 2453,1
2406, EBOR NSW 2453,1
2407, FERNBROOK NSW 2453,1
2408, HARNESS CASK NSW 2453,1
2409, HERNANI NSW 2453,1
2410, MARENGO NSW 2453,1
2411, MEGAN NSW 2453,1
2412, MELDRUM DOWNS NSW 2453,1
2413, MOONPAR NSW 2453,1
2414, NEVER NEVER NSW 2453,1
2415, NORTH DORRIGO NSW 2453,1
2416, PADDYS PLAIN NSW 2453,1
2417, TALLOWWOOD RIDGE NSW 2453,1
2418, TYRINGHAM NSW 2453,1
2419, WILD CATTLE CREEK NSW 2453,1
2420, BELLINGEN NSW 2454,1
2421, BIELSDOWN HILLS NSW 2454,1
2422, BRIERFIELD NSW 2454,1
2423, BUFFER CREEK NSW 2454,1
2424, BUNDAGEN NSW 2454,1
2425, DARKWOOD NSW 2454,1
2426, FERNMOUNT NSW 2454,1
2427, GLENIFFER NSW 2454,1
2428, KALANG NSW 2454,1
2429, KOOROOWI NSW 2454,1
2430, MARX HILL NSW 2454,1
2431, MYLESTOM NSW 2454,1
2432, NORTH BELLINGEN NSW 2454,1
2433, PROMISED LAND NSW 2454,1
2434, RALEIGH NSW 2454,1
2435, REPTON NSW 2454,1
2436, SCOTCHMAN NSW 2454,1
2437, THORA NSW 2454,1
2438, VALERY NSW 2454,1
2439, NEWRY NSW 2455,1
2440, NEWRY ISLAND NSW 2455,1
2441, SPICKETTS CREEK NSW 2455,1
2442, URUNGA NSW 2455,1
2443, WENONAH HEAD NSW 2455,1
2444, ARRAWARRA NSW 2456,1
2445, ARRAWARRA HEADLAND NSW 2456,1
2446, CORINDI BEACH NSW 2456,1
2447, EMERALD BEACH NSW 2456,1
2448, MULLAWAY NSW 2456,1
2449, RED ROCK NSW 2456,1
2450, SAFETY BEACH NSW 2456,1
2451, SANDY BEACH NSW 2456,1
2452, UPPER CORINDI NSW 2456,1
2453, WOOLGOOLGA NSW 2456,1
2454, ALICE NSW 2460,1
2455, ALUMY CREEK NSW 2460,1
2456, BARCOONGERE NSW 2460,1
2457, BARRETTS CREEK NSW 2460,1
2458, BARYULGIL NSW 2460,1
2459, BLAXLANDS CREEK NSW 2460,1
2460, BOM BOM NSW 2460,1
2461, BOOKRAM NSW 2460,1
2462, BRAUNSTONE NSW 2460,1
2463, BRUSHGROVE NSW 2460,1
2464, BUCCARUMBI NSW 2460,1
2465, CALAMIA NSW 2460,1
2466, CANGAI NSW 2460,1
2467, CARNHAM NSW 2460,1
2468, CARRS CREEK NSW 2460,1
2469, CARRS ISLAND NSW 2460,1
2470, CARRS PENINSULAR NSW 2460,1
2471, CHAELUNDI NSW 2460,1
2472, CHAMBIGNE NSW 2460,1
2473, CLARENZA NSW 2460,1
2474, CLIFDEN NSW 2460,1
2475, COALDALE NSW 2460,1
2476, COLLUM COLLUM NSW 2460,1
2477, COOMBADJHA NSW 2460,1
2478, COPMANHURST NSW 2460,1
2479, COUTTS CROSSING NSW 2460,1
2480, COWPER NSW 2460,1
2481, CROWTHER ISLAND NSW 2460,1
2482, DALMORTON NSW 2460,1
2483, DILKOON NSW 2460,1
2484, DIRTY CREEK NSW 2460,1
2485, DUMBUDGERY NSW 2460,1
2486, EATONSVILLE NSW 2460,1
2487, EIGHTEEN MILE NSW 2460,1
2488, ELLAND NSW 2460,1
2489, FINE FLOWER NSW 2460,1
2490, FORTIS CREEK NSW 2460,1
2491, GLENUGIE NSW 2460,1
2492, GRAFTON NSW 2460,1
2493, GRAFTON WEST NSW 2460,1
2494, GREAT MARLOW NSW 2460,1
2495, GURRANANG NSW 2460,1
2496, HALFWAY CREEK NSW 2460,1
2497, HEIFER STATION NSW 2460,1
2498, JACKADGERY NSW 2460,1
2499, JUNCTION HILL NSW 2460,1
2500, KANGAROO CREEK NSW 2460,1
2501, KEYBARBIN NSW 2460,1
2502, KOOLKHAN NSW 2460,1
2503, KREMNOS NSW 2460,1
2504, KUNGALA NSW 2460,1
2505, KYARRAN NSW 2460,1
2506, LANITZA NSW 2460,1
2507, LAWRENCE NSW 2460,1
2508, LEVENSTRATH NSW 2460,1
2509, LILYDALE NSW 2460,1
2510, LIONSVILLE NSW 2460,1
2511, LOWER SOUTHGATE NSW 2460,1
2512, MALABUGILMAH NSW 2460,1
2513, MOLEVILLE CREEK NSW 2460,1
2514, MOUNTAIN VIEW NSW 2460,1
2515, MYLNEFORD NSW 2460,1
2516, NEWBOLD NSW 2460,1
2517, NYMBOIDA NSW 2460,1
2518, PULGANBAR NSW 2460,1
2519, PUNCHBOWL NSW 2460,1
2520, RAMORNIE NSW 2460,1
2521, RUSHFORTH NSW 2460,1
2522, SANDY CROSSING NSW 2460,1
2523, SEELANDS NSW 2460,1
2524, SHANNONDALE NSW 2460,1
2525, SMITHS CREEK NSW 2460,1
2526, SOUTH ARM NSW 2460,1
2527, SOUTH GRAFTON NSW 2460,1
2528, SOUTHAMPTON NSW 2460,1
2529, SOUTHGATE NSW 2460,1
2530, STOCKYARD CREEK NSW 2460,1
2531, THE PINNACLES NSW 2460,1
2532, THE WHITEMAN NSW 2460,1
2533, TOWALLUM NSW 2460,1
2534, TRENAYR NSW 2460,1
2535, TYNDALE NSW 2460,1
2536, UPPER COPMANHURST NSW 2460,1
2537, UPPER FINE FLOWER NSW 2460,1
2538, WARRAGAI CREEK NSW 2460,1
2539, WASHPOOL NSW 2460,1
2540, WATERVIEW NSW 2460,1
2541, WATERVIEW HEIGHTS NSW 2460,1
2542, WELLS CROSSING NSW 2460,1
2543, WHITEMAN CREEK NSW 2460,1
2544, WINEGROVE NSW 2460,1
2545, WOMBAT CREEK NSW 2460,1
2546, CALLIOPE NSW 2462,1
2547, COLDSTREAM NSW 2462,1
2548, DIGGERS CAMP NSW 2462,1
2549, GILLETTS RIDGE NSW 2462,1
2550, LAKE HIAWATHA NSW 2462,1
2551, LAVADIA NSW 2462,1
2552, MINNIE WATER NSW 2462,1
2553, PILLAR VALLEY NSW 2462,1
2554, SWAN CREEK NSW 2462,1
2555, TUCABIA NSW 2462,1
2556, ULMARRA NSW 2462,1
2557, WOOLI NSW 2462,1
2558, ASHBY NSW 2463,1
2559, ASHBY HEIGHTS NSW 2463,1
2560, ASHBY ISLAND NSW 2463,1
2561, BROOMS HEAD NSW 2463,1
2562, GULMARRAD NSW 2463,1
2563, ILARWILL NSW 2463,1
2564, JACKY BULBIN FLAT NSW 2463,1
2565, JAMES CREEK NSW 2463,1
2566, MACLEAN NSW 2463,1
2567, PALMERS CHANNEL NSW 2463,1
2568, PALMERS ISLAND NSW 2463,1
2569, SANDON NSW 2463,1
2570, SHARK CREEK NSW 2463,1
2571, TALOUMBI NSW 2463,1
2572, THE SANDON NSW 2463,1
2573, TOWNSEND NSW 2463,1
2574, TULLYMORGAN NSW 2463,1
2575, WOODFORD NSW 2463,1
2576, ANGOURIE NSW 2464,1
2577, FREEBURN ISLAND NSW 2464,1
2578, MICALO ISLAND NSW 2464,1
2579, WOOLOWEYAH NSW 2464,1
2580, YAMBA NSW 2464,1
2581, YURAYGIR NSW 2464,1
2582, HARWOOD NSW 2465,1
2583, ILUKA NSW 2466,1
2584, THE FRESHWATER NSW 2466,1
2585, WOODY HEAD NSW 2466,1
2586, BANYABBA NSW 2469,1
2587, BEAN CREEK NSW 2469,1
2588, BINGEEBEEBRA CREEK NSW 2469,1
2589, BONALBO NSW 2469,1
2590, BOOMOODEERIE NSW 2469,1
2591, BOTTLE CREEK NSW 2469,1
2592, BULLDOG NSW 2469,1
2593, BUNGAWALBIN NSW 2469,1
2594, BUSBYS FLAT NSW 2469,1
2595, CAMBRIDGE PLATEAU NSW 2469,1
2596, CAMIRA NSW 2469,1
2597, CAPEEN CREEK NSW 2469,1
2598, CHATSWORTH NSW 2469,1
2599, CLEARFIELD NSW 2469,1
2600, COONGBAR NSW 2469,1
2601, CULMARAN CREEK NSW 2469,1
2602, DEEP CREEK NSW 2469,1
2603, DRAKE NSW 2469,1
2604, DRAKE VILLAGE NSW 2469,1
2605, DUCK CREEK NSW 2469,1
2606, EWINGAR NSW 2469,1
2607, GIBBERAGEE NSW 2469,1
2608, GOODWOOD ISLAND NSW 2469,1
2609, GORGE CREEK NSW 2469,1
2610, HAYSTACK NSW 2469,1
2611, HOGARTH RANGE NSW 2469,1
2612, JACKSONS FLAT NSW 2469,1
2613, JOES BOX NSW 2469,1
2614, KIPPENDUFF NSW 2469,1
2615, LOUISA CREEK NSW 2469,1
2616, LOWER BOTTLE CREEK NSW 2469,1
2617, LOWER DUCK CREEK NSW 2469,1
2618, LOWER PEACOCK NSW 2469,1
2619, MALLANGANEE NSW 2469,1
2620, MOOKIMA WYBRA NSW 2469,1
2621, MORORO NSW 2469,1
2622, MOUNT MARSH NSW 2469,1
2623, MUMMULGUM NSW 2469,1
2624, MYRTLE CREEK NSW 2469,1
2625, OLD BONALBO NSW 2469,1
2626, PADDYS FLAT NSW 2469,1
2627, PAGANS FLAT NSW 2469,1
2628, PEACOCK CREEK NSW 2469,1
2629, PIKAPENE NSW 2469,1
2630, PRETTY GULLY NSW 2469,1
2631, RAPPVILLE NSW 2469,1
2632, SANDILANDS NSW 2469,1
2633, SIMPKINS CREEK NSW 2469,1
2634, SIX MILE SWAMP NSW 2469,1
2635, TABULAM NSW 2469,1
2636, THERESA CREEK NSW 2469,1
2637, TUNGLEBUNG NSW 2469,1
2638, UPPER DUCK CREEK NSW 2469,1
2639, WARREGAH ISLAND NSW 2469,1
2640, WHIPORIE NSW 2469,1
2641, WOOMBAH NSW 2469,1
2642, WYAN NSW 2469,1
2643, YABBRA NSW 2469,1
2644, BABYL CREEK NSW 2470,1
2645, BACKMEDE NSW 2470,1
2646, BARAIMAL NSW 2470,1
2647, CASINO NSW 2470,1
2648, COOMBELL NSW 2470,1
2649, DOBIES BIGHT NSW 2470,1
2650, DOUBTFUL CREEK NSW 2470,1
2651, DYRAABA NSW 2470,1
2652, ELLANGOWAN NSW 2470,1
2653, FAIRY HILL NSW 2470,1
2654, IRVINGTON NSW 2470,1
2655, LEEVILLE NSW 2470,1
2656, LOWER DYRAABA NSW 2470,1
2657, MONGOGARIE NSW 2470,1
2658, NAUGHTONS GAP NSW 2470,1
2659, NORTH CASINO NSW 2470,1
2660, PIORA NSW 2470,1
2661, SEXTONVILLE NSW 2470,1
2662, SHANNON BROOK NSW 2470,1
2663, SPRING GROVE NSW 2470,1
2664, STRATHEDEN NSW 2470,1
2665, UPPER MONGOGARIE NSW 2470,1
2666, WOODVIEW NSW 2470,1
2667, WOOLNERS ARM NSW 2470,1
2668, WOOROOWOOLGAN NSW 2470,1
2669, YORKLEA NSW 2470,1
2670, BORA RIDGE NSW 2471,1
2671, CODRINGTON NSW 2471,1
2672, CORAKI NSW 2471,1
2673, EAST CORAKI NSW 2471,1
2674, GREEN FOREST NSW 2471,1
2675, GREENRIDGE NSW 2471,1
2676, NORTH WOODBURN NSW 2471,1
2677, SWAN BAY NSW 2471,1
2678, TATHAM NSW 2471,1
2679, BROADWATER NSW 2472,1
2680, BUCKENDOON NSW 2472,1
2681, ESK NSW 2472,1
2682, KILGIN NSW 2472,1
2683, NEW ITALY NSW 2472,1
2684, RILEYS HILL NSW 2472,1
2685, TABBIMOBLE NSW 2472,1
2686, WOODBURN NSW 2472,1
2687, DOONBAH NSW 2473,1
2688, EVANS HEAD NSW 2473,1
2689, IRON GATES NSW 2473,1
2690, SOUTH EVANS HEAD NSW 2473,1
2691, AFTERLEE NSW 2474,1
2692, BARKERS VALE NSW 2474,1
2693, BORDER RANGES NSW 2474,1
2694, CAWONGLA NSW 2474,1
2695, CEDAR POINT NSW 2474,1
2696, COLLINS CREEK NSW 2474,1
2697, COUGAL NSW 2474,1
2698, DAIRY FLAT NSW 2474,1
2699, EDEN CREEK NSW 2474,1
2700, EDENVILLE NSW 2474,1
2701, ETTRICK NSW 2474,1
2702, FAWCETTS PLAIN NSW 2474,1
2703, FINDON CREEK NSW 2474,1
2704, GENEVA NSW 2474,1
2705, GHINNI GHI NSW 2474,1
2706, GRADYS CREEK NSW 2474,1
2707, GREEN PIGEON NSW 2474,1
2708, GREVILLIA NSW 2474,1
2709, HOMELEIGH NSW 2474,1
2710, HORSE STATION CREEK NSW 2474,1
2711, HORSESHOE CREEK NSW 2474,1
2712, IRON POT CREEK NSW 2474,1
2713, KILGRA NSW 2474,1
2714, KYOGLE NSW 2474,1
2715, LITTLE BACK CREEK NSW 2474,1
2716, LOADSTONE NSW 2474,1
2717, LYNCHS CREEK NSW 2474,1
2718, NEW PARK NSW 2474,1
2719, OLD GREVILLIA NSW 2474,1
2720, ROSEBERRY NSW 2474,1
2721, ROSEBERRY CREEK NSW 2474,1
2722, RUKENVALE NSW 2474,1
2723, SAWPIT CREEK NSW 2474,1
2724, SHERWOOD NSW 2474,1
2725, SMITHS CREEK NSW 2474,1
2726, TERRACE CREEK NSW 2474,1
2727, THE RISK NSW 2474,1
2728, TOONUMBAR NSW 2474,1
2729, UNUMGAR NSW 2474,1
2730, UPPER EDEN CREEK NSW 2474,1
2731, UPPER HORSESHOE CREEK NSW 2474,1
2732, WADEVILLE NSW 2474,1
2733, WARRAZAMBIL CREEK NSW 2474,1
2734, WEST WIANGAREE NSW 2474,1
2735, WIANGAREE NSW 2474,1
2736, WYNEDEN NSW 2474,1
2737, TOOLOOM NSW 2475,1
2738, UPPER TOOLOOM NSW 2475,1
2739, URBENVILLE NSW 2475,1
2740, WALLABY CREEK NSW 2475,1
2741, ACACIA CREEK NSW 2476,1
2742, ACACIA PLATEAU NSW 2476,1
2743, BOOMI CREEK NSW 2476,1
2744, BRUMBY PLAINS NSW 2476,1
2745, KOREELAH NSW 2476,1
2746, LEGUME NSW 2476,1
2747, LINDESAY CREEK NSW 2476,1
2748, LOWER ACACIA CREEK NSW 2476,1
2749, MULI MULI NSW 2476,1
2750, OLD KOREELAH NSW 2476,1
2751, THE GLEN NSW 2476,1
2752, WOODENBONG NSW 2476,1
2753, ALSTONVALE NSW 2477,1
2754, ALSTONVILLE NSW 2477,1
2755, BAGOTVILLE NSW 2477,1
2756, CABBAGE TREE ISLAND NSW 2477,1
2757, DALWOOD NSW 2477,1
2758, EAST WARDELL NSW 2477,1
2759, GOAT ISLAND NSW 2477,1
2760, LYNWOOD NSW 2477,1
2761, MEERSCHAUM VALE NSW 2477,1
2762, PEARCES CREEK NSW 2477,1
2763, ROUS NSW 2477,1
2764, ROUS MILL NSW 2477,1
2765, TUCKOMBIL NSW 2477,1
2766, URALBA NSW 2477,1
2767, WARDELL NSW 2477,1
2768, WOLLONGBAR NSW 2477,1
2769, BALLINA NSW 2478,1
2770, COOLGARDIE NSW 2478,1
2771, CUMBALUM NSW 2478,1
2772, EAST BALLINA NSW 2478,1
2773, EMPIRE VALE NSW 2478,1
2774, KEITH HALL NSW 2478,1
2775, LENNOX HEAD NSW 2478,1
2776, PATCHS BEACH NSW 2478,1
2777, PIMLICO NSW 2478,1
2778, PIMLICO ISLAND NSW 2478,1
2779, SKENNARS HEAD NSW 2478,1
2780, SOUTH BALLINA NSW 2478,1
2781, TEVEN NSW 2478,1
2782, TINTENBAR NSW 2478,1
2783, WEST BALLINA NSW 2478,1
2784, BANGALOW NSW 2479,1
2785, BINNA BURRA NSW 2479,1
2786, BROOKLET NSW 2479,1
2787, COOPERS SHOOT NSW 2479,1
2788, COORABELL NSW 2479,1
2789, FERNLEIGH NSW 2479,1
2790, KNOCKROW NSW 2479,1
2791, MCLEODS SHOOT NSW 2479,1
2792, NASHUA NSW 2479,1
2793, NEWRYBAR NSW 2479,1
2794, OPOSSUM CREEK NSW 2479,1
2795, POSSUM CREEK NSW 2479,1
2796, BACK CREEK NSW 2480,1
2797, BENTLEY NSW 2480,1
2798, BEXHILL NSW 2480,1
2799, BLAKEBROOK NSW 2480,1
2800, BLUE KNOB NSW 2480,1
2801, BOAT HARBOUR NSW 2480,1
2802, BOOERIE CREEK NSW 2480,1
2803, BOORABEE PARK NSW 2480,1
2804, BOOYONG NSW 2480,1
2805, BUNGABBEE NSW 2480,1
2806, CANIABA NSW 2480,1
2807, CHILCOTTS GRASS NSW 2480,1
2808, CLOVASS NSW 2480,1
2809, CLUNES NSW 2480,1
2810, COFFEE CAMP NSW 2480,1
2811, CORNDALE NSW 2480,1
2812, DORROUGHBY NSW 2480,1
2813, DUNGARUBBA NSW 2480,1
2814, DUNOON NSW 2480,1
2815, EAST LISMORE NSW 2480,1
2816, ELTHAM NSW 2480,1
2817, EUREKA NSW 2480,1
2818, FERNSIDE NSW 2480,1
2819, GEORGICA NSW 2480,1
2820, GIRARDS HILL NSW 2480,1
2821, GOOLMANGAR NSW 2480,1
2822, GOONELLABAH NSW 2480,1
2823, HOWARDS GRASS NSW 2480,1
2824, JIGGI NSW 2480,1
2825, KEERRONG NSW 2480,1
2826, KOONORIGAN NSW 2480,1
2827, LAGOON GRASS NSW 2480,1
2828, LARNOOK NSW 2480,1
2829, LEYCESTER NSW 2480,1
2830, LILLIAN ROCK NSW 2480,1
2831, LINDENDALE NSW 2480,1
2832, LISMORE NSW 2480,1
2833, LISMORE HEIGHTS NSW 2480,1
2834, LOFTVILLE NSW 2480,1
2835, MAROM CREEK NSW 2480,1
2836, MCKEES HILL NSW 2480,1
2837, MCLEANS RIDGES NSW 2480,1
2838, MODANVILLE NSW 2480,1
2839, MONALTRIE NSW 2480,1
2840, MOUNTAIN TOP NSW 2480,1
2841, NIGHTCAP NSW 2480,1
2842, NIMBIN NSW 2480,1
2843, NORTH LISMORE NSW 2480,1
2844, NUMULGI NSW 2480,1
2845, REPENTANCE CREEK NSW 2480,1
2846, RICHMOND HILL NSW 2480,1
2847, ROCK VALLEY NSW 2480,1
2848, ROSEBANK NSW 2480,1
2849, RUTHVEN NSW 2480,1
2850, SOUTH GUNDURIMBA NSW 2480,1
2851, SOUTH LISMORE NSW 2480,1
2852, STONY CHUTE NSW 2480,1
2853, TERANIA CREEK NSW 2480,1
2854, THE CHANNON NSW 2480,1
2855, TREGEAGLE NSW 2480,1
2856, TUCKI TUCKI NSW 2480,1
2857, TUCKURIMBA NSW 2480,1
2858, TULLERA NSW 2480,1
2859, TUNCESTER NSW 2480,1
2860, TUNTABLE CREEK NSW 2480,1
2861, WHIAN WHIAN NSW 2480,1
2862, WOODLAWN NSW 2480,1
2863, WYRALLAH NSW 2480,1
2864, BROKEN HEAD NSW 2481,1
2865, BYRON BAY NSW 2481,1
2866, EWINGSDALE NSW 2481,1
2867, MYOCUM NSW 2481,1
2868, SKINNERS SHOOT NSW 2481,1
2869, SUFFOLK PARK NSW 2481,1
2870, TALOFA NSW 2481,1
2871, TYAGARAH NSW 2481,1
2872, GOONENGERRY NSW 2482,1
2873, HUONBROOK NSW 2482,1
2874, KOONYUM RANGE NSW 2482,1
2875, MAIN ARM NSW 2482,1
2876, MONTECOLLUM NSW 2482,1
2877, MULLUMBIMBY NSW 2482,1
2878, MULLUMBIMBY CREEK NSW 2482,1
2879, PALMWOODS NSW 2482,1
2880, UPPER COOPERS CREEK NSW 2482,1
2881, UPPER MAIN ARM NSW 2482,1
2882, UPPER WILSONS CREEK NSW 2482,1
2883, WANGANUI NSW 2482,1
2884, WILSONS CREEK NSW 2482,1
2885, BILLINUDGEL NSW 2483,1
2886, BRUNSWICK HEADS NSW 2483,1
2887, BURRINGBAR NSW 2483,1
2888, CRABBES CREEK NSW 2483,1
2889, MIDDLE POCKET NSW 2483,1
2890, MOOBALL NSW 2483,1
2891, NEW BRIGHTON NSW 2483,1
2892, OCEAN SHORES NSW 2483,1
2893, SLEEPY HOLLOW NSW 2483,1
2894, SOUTH GOLDEN BEACH NSW 2483,1
2895, THE POCKET NSW 2483,1
2896, UPPER BURRINGBAR NSW 2483,1
2897, WOOYUNG NSW 2483,1
2898, YELGUN NSW 2483,1
2899, BACK CREEK NSW 2484,1
2900, BRAY PARK NSW 2484,1
2901, BRAYS CREEK NSW 2484,1
2902, BYANGUM NSW 2484,1
2903, BYRRILL CREEK NSW 2484,1
2904, CEDAR CREEK NSW 2484,1
2905, CHILLINGHAM NSW 2484,1
2906, CHOWAN CREEK NSW 2484,1
2907, CLOTHIERS CREEK NSW 2484,1
2908, COMMISSIONERS CREEK NSW 2484,1
2909, CONDONG NSW 2484,1
2910, CRYSTAL CREEK NSW 2484,1
2911, CUDGERA CREEK NSW 2484,1
2912, DOON DOON NSW 2484,1
2913, DULGUIGAN NSW 2484,1
2914, DUM DUM NSW 2484,1
2915, DUNBIBLE NSW 2484,1
2916, DUNGAY NSW 2484,1
2917, EUNGELLA NSW 2484,1
2918, EVIRON NSW 2484,1
2919, FARRANTS HILL NSW 2484,1
2920, FERNVALE NSW 2484,1
2921, HOPKINS CREEK NSW 2484,1
2922, KIELVALE NSW 2484,1
2923, KUNGHUR NSW 2484,1
2924, KUNGHUR CREEK NSW 2484,1
2925, KYNNUMBOON NSW 2484,1
2926, LIMPINWOOD NSW 2484,1
2927, MEBBIN NSW 2484,1
2928, MIDGINBIL NSW 2484,1
2929, MOUNT BURRELL NSW 2484,1
2930, MOUNT WARNING NSW 2484,1
2931, MURWILLUMBAH NSW 2484,1
2932, MURWILLUMBAH SOUTH NSW 2484,1
2933, NOBBYS CREEK NSW 2484,1
2934, NORTH ARM NSW 2484,1
2935, NUMINBAH NSW 2484,1
2936, NUNDERI NSW 2484,1
2937, PALMVALE NSW 2484,1
2938, PUMPENBIL NSW 2484,1
2939, RESERVE CREEK NSW 2484,1
2940, ROUND MOUNTAIN NSW 2484,1
2941, ROWLANDS CREEK NSW 2484,1
2942, SMITHS CREEK NSW 2484,1
2943, SOUTH MURWILLUMBAH NSW 2484,1
2944, STOKERS SIDING NSW 2484,1
2945, TERRAGON NSW 2484,1
2946, TOMEWIN NSW 2484,1
2947, TYALGUM NSW 2484,1
2948, TYALGUM CREEK NSW 2484,1
2949, TYGALGAH NSW 2484,1
2950, UKI NSW 2484,1
2951, UPPER CRYSTAL CREEK NSW 2484,1
2952, URLIUP NSW 2484,1
2953, WARDROP VALLEY NSW 2484,1
2954, TWEED HEADS NSW 2485,1
2955, TWEED HEADS WEST NSW 2485,1
2956, BANORA POINT NSW 2486,1
2957, BILAMBIL NSW 2486,1
2958, BILAMBIL HEIGHTS NSW 2486,1
2959, BUNGALORA NSW 2486,1
2960, CAROOL NSW 2486,1
2961, COBAKI NSW 2486,1
2962, COBAKI LAKES NSW 2486,1
2963, DUROBY NSW 2486,1
2964, GLENGARRIE NSW 2486,1
2965, PIGGABEEN NSW 2486,1
2966, TERRANORA NSW 2486,1
2967, TWEED HEADS SOUTH NSW 2486,1
2968, UPPER DUROBY NSW 2486,1
2969, CASUARINA NSW 2487,1
2970, CHINDERAH NSW 2487,1
2971, CUDGEN NSW 2487,1
2972, DURANBAH NSW 2487,1
2973, FINGAL HEAD NSW 2487,1
2974, KINGS FOREST NSW 2487,1
2975, KINGSCLIFF NSW 2487,1
2976, STOTTS CREEK NSW 2487,1
2977, BOGANGAR NSW 2488,1
2978, CABARITA BEACH NSW 2488,1
2979, TANGLEWOOD NSW 2488,1
2980, HASTINGS POINT NSW 2489,1
2981, POTTSVILLE NSW 2489,1
2982, NORTH TUMBULGUM NSW 2490,1
2983, TUMBULGUM NSW 2490,1
2984, CONISTON NSW 2500,1
2985, GWYNNEVILLE NSW 2500,1
2986, KEIRAVILLE NSW 2500,1
2987, MANGERTON NSW 2500,1
2988, MOUNT KEIRA NSW 2500,1
2989, MOUNT SAINT THOMAS NSW 2500,1
2990, NORTH WOLLONGONG NSW 2500,1
2991, SPRING HILL NSW 2500,1
2992, WEST WOLLONGONG NSW 2500,1
2993, WOLLONGONG NSW 2500,1
2994, WOLLONGONG WEST NSW 2500,1
2995, CRINGILA NSW 2502,1
2996, LAKE HEIGHTS NSW 2502,1
2997, PRIMBEE NSW 2502,1
2998, WARRAWONG NSW 2502,1
2999, KEMBLAWARRA NSW 2505,1
3000, PORT KEMBLA NSW 2505,1
3001, BERKELEY NSW 2506,1
3002, COALCLIFF NSW 2508,1
3003, DARKES FOREST NSW 2508,1
3004, HELENSBURGH NSW 2508,1
3005, LILYVALE NSW 2508,1
3006, MADDENS PLAINS NSW 2508,1
3007, OTFORD NSW 2508,1
3008, STANWELL PARK NSW 2508,1
3009, STANWELL TOPS NSW 2508,1
3010, WORONORA DAM NSW 2508,1
3011, AUSTINMER NSW 2515,1
3012, CLIFTON NSW 2515,1
3013, COLEDALE NSW 2515,1
3014, SCARBOROUGH NSW 2515,1
3015, THIRROUL NSW 2515,1
3016, WOMBARRA NSW 2515,1
3017, BULLI NSW 2516,1
3018, RUSSELL VALE NSW 2517,1
3019, WOONONA NSW 2517,1
3020, WOONONA EAST NSW 2517,1
3021, BELLAMBI NSW 2518,1
3022, CORRIMAL NSW 2518,1
3023, CORRIMAL EAST NSW 2518,1
3024, EAST CORRIMAL NSW 2518,1
3025, TARRAWANNA NSW 2518,1
3026, TOWRADGI NSW 2518,1
3027, BALGOWNIE NSW 2519,1
3028, FAIRY MEADOW NSW 2519,1
3029, FERNHILL NSW 2519,1
3030, MOUNT OUSLEY NSW 2519,1
3031, MOUNT PLEASANT NSW 2519,1
3032, REIDTOWN NSW 2519,1
3033, WOLLONGONG NSW 2520,1
3034, UNIVERSITY OF WOLLONGONG NSW 2522,1
3035, FIGTREE NSW 2525,1
3036, CORDEAUX NSW 2526,1
3037, CORDEAUX HEIGHTS NSW 2526,1
3038, DOMBARTON NSW 2526,1
3039, FARMBOROUGH HEIGHTS NSW 2526,1
3040, KEMBLA GRANGE NSW 2526,1
3041, KEMBLA HEIGHTS NSW 2526,1
3042, MOUNT KEMBLA NSW 2526,1
3043, UNANDERRA NSW 2526,1
3044, ALBION PARK NSW 2527,1
3045, ALBION PARK RAIL NSW 2527,1
3046, CALDERWOOD NSW 2527,1
3047, CROOM NSW 2527,1
3048, NORTH MACQUARIE NSW 2527,1
3049, TONGARRA NSW 2527,1
3050, TULLIMBAR NSW 2527,1
3051, YELLOW ROCK NSW 2527,1
3052, BARRACK HEIGHTS NSW 2528,1
3053, BARRACK POINT NSW 2528,1
3054, LAKE ILLAWARRA NSW 2528,1
3055, MOUNT WARRIGAL NSW 2528,1
3056, WARILLA NSW 2528,1
3057, WINDANG NSW 2528,1
3058, BLACKBUTT NSW 2529,1
3059, DUNMORE NSW 2529,1
3060, FLINDERS NSW 2529,1
3061, OAK FLATS NSW 2529,1
3062, SHELL COVE NSW 2529,1
3063, SHELLHARBOUR NSW 2529,1
3064, SHELLHARBOUR CITY CENTRE NSW 2529,1
3065, AVONDALE NSW 2530,1
3066, BROWNSVILLE NSW 2530,1
3067, CLEVELAND NSW 2530,1
3068, DAPTO NSW 2530,1
3069, HAYWARDS BAY NSW 2530,1
3070, HORSLEY NSW 2530,1
3071, HUNTLEY NSW 2530,1
3072, KANAHOOKA NSW 2530,1
3073, KOONAWARRA NSW 2530,1
3074, MARSHALL MOUNT NSW 2530,1
3075, PENROSE NSW 2530,1
3076, WONGAWILLI NSW 2530,1
3077, YALLAH NSW 2530,1
3078, BOMBO NSW 2533,1
3079, CURRAMORE NSW 2533,1
3080, JAMBEROO NSW 2533,1
3081, JERRARA NSW 2533,1
3082, KIAMA NSW 2533,1
3083, KIAMA DOWNS NSW 2533,1
3084, KIAMA HEIGHTS NSW 2533,1
3085, MINNAMURRA NSW 2533,1
3086, SADDLEBACK MOUNTAIN NSW 2533,1
3087, FOXGROUND NSW 2534,1
3088, GERRINGONG NSW 2534,1
3089, GERROA NSW 2534,1
3090, ROSE VALLEY NSW 2534,1
3091, TOOLIJOOA NSW 2534,1
3092, WERRI BEACH NSW 2534,1
3093, WILLOW VALE NSW 2534,1
3094, BACK FOREST NSW 2535,1
3095, BELLAWONGARAH NSW 2535,1
3096, BERRY NSW 2535,1
3097, BERRY MOUNTAIN NSW 2535,1
3098, BROGERS CREEK NSW 2535,1
3099, BROUGHTON NSW 2535,1
3100, BROUGHTON VALE NSW 2535,1
3101, BROUGHTON VILLAGE NSW 2535,1
3102, BUDDEROO NSW 2535,1
3103, BUNDEWALLAH NSW 2535,1
3104, COOLANGATTA NSW 2535,1
3105, FAR MEADOW NSW 2535,1
3106, JASPERS BRUSH NSW 2535,1
3107, SHOALHAVEN HEADS NSW 2535,1
3108, WATTAMOLLA NSW 2535,1
3109, WOODHILL NSW 2535,1
3110, BATEHAVEN NSW 2536,1
3111, BATEMANS BAY NSW 2536,1
3112, BENANDARAH NSW 2536,1
3113, BIMBIMBIE NSW 2536,1
3114, BUCKENBOWRA NSW 2536,1
3115, CATALINA NSW 2536,1
3116, CURROWAN NSW 2536,1
3117, DENHAMS BEACH NSW 2536,1
3118, DEPOT BEACH NSW 2536,1
3119, DURRAS NORTH NSW 2536,1
3120, EAST LYNNE NSW 2536,1
3121, GUERILLA BAY NSW 2536,1
3122, JEREMADRA NSW 2536,1
3123, LILLI PILLI NSW 2536,1
3124, LONG BEACH NSW 2536,1
3125, MALONEYS BEACH NSW 2536,1
3126, MALUA BAY NSW 2536,1
3127, MOGO NSW 2536,1
3128, NELLIGEN NSW 2536,1
3129, NORTH BATEMANS BAY NSW 2536,1
3130, PEBBLY BEACH NSW 2536,1
3131, ROSEDALE NSW 2536,1
3132, RUNNYFORD NSW 2536,1
3133, SOUTH DURRAS NSW 2536,1
3134, SUNSHINE BAY NSW 2536,1
3135, SURF BEACH NSW 2536,1
3136, SURFSIDE NSW 2536,1
3137, WOODLANDS NSW 2536,1
3138, BERGALIA NSW 2537,1
3139, BINGIE NSW 2537,1
3140, BROULEE NSW 2537,1
3141, COILA NSW 2537,1
3142, CONGO NSW 2537,1
3143, DEUA NSW 2537,1
3144, DEUA RIVER VALLEY NSW 2537,1
3145, KIORA NSW 2537,1
3146, MERINGO NSW 2537,1
3147, MOGENDOURA NSW 2537,1
3148, MORUYA NSW 2537,1
3149, MORUYA HEADS NSW 2537,1
3150, MOSSY POINT NSW 2537,1
3151, TOMAKIN NSW 2537,1
3152, TURLINJAH NSW 2537,1
3153, TUROSS HEAD NSW 2537,1
3154, WAMBAN NSW 2537,1
3155, BROOMAN NSW 2538,1
3156, LITTLE FOREST NSW 2538,1
3157, MILTON NSW 2538,1
3158, MOGOOD NSW 2538,1
3159, MORTON NSW 2538,1
3160, PORTERS CREEK NSW 2538,1
3161, WOODBURN NSW 2538,1
3162, WOODSTOCK NSW 2538,1
3163, BAWLEY POINT NSW 2539,1
3164, BENDALONG NSW 2539,1
3165, BURRILL LAKE NSW 2539,1
3166, COCKWHY NSW 2539,1
3167, CONJOLA NSW 2539,1
3168, CONJOLA PARK NSW 2539,1
3169, CROOBYAR NSW 2539,1
3170, CUNJURONG POINT NSW 2539,1
3171, DOLPHIN POINT NSW 2539,1
3172, FISHERMANS PARADISE NSW 2539,1
3173, KINGS POINT NSW 2539,1
3174, KIOLOA NSW 2539,1
3175, LAKE CONJOLA NSW 2539,1
3176, LAKE TABOURIE NSW 2539,1
3177, MANYANA NSW 2539,1
3178, MOLLYMOOK NSW 2539,1
3179, MOLLYMOOK BEACH NSW 2539,1
3180, NARRAWALLEE NSW 2539,1
3181, POINTER MOUNTAIN NSW 2539,1
3182, PRETTY BEACH NSW 2539,1
3183, TERMEIL NSW 2539,1
3184, ULLADULLA NSW 2539,1
3185, YADBORO NSW 2539,1
3186, BAMARANG NSW 2540,1
3187, BARRINGELLA NSW 2540,1
3188, BASIN VIEW NSW 2540,1
3189, BEECROFT PENINSULA NSW 2540,1
3190, BERRARA NSW 2540,1
3191, BEWONG NSW 2540,1
3192, BOLONG NSW 2540,1
3193, BOOLIJAH NSW 2540,1
3194, BREAM BEACH NSW 2540,1
3195, BROWNS MOUNTAIN NSW 2540,1
3196, BRUNDEE NSW 2540,1
3197, BUANGLA NSW 2540,1
3198, BURRIER NSW 2540,1
3199, CALLALA BAY NSW 2540,1
3200, CALLALA BEACH NSW 2540,1
3201, CAMBEWARRA NSW 2540,1
3202, CAMBEWARRA VILLAGE NSW 2540,1
3203, COMBERTON NSW 2540,1
3204, COMERONG ISLAND NSW 2540,1
3205, CUDMIRRAH NSW 2540,1
3206, CULBURRA BEACH NSW 2540,1
3207, CURRARONG NSW 2540,1
3208, EROWAL BAY NSW 2540,1
3209, ETTREMA NSW 2540,1
3210, FALLS CREEK NSW 2540,1
3211, GREENWELL POINT NSW 2540,1
3212, HMAS ALBATROSS NSW 2540,1
3213, HMAS CRESWELL ACT 2540,1
3214, HUSKISSON NSW 2540,1
3215, HYAMS BEACH NSW 2540,1
3216, ILLAROO NSW 2540,1
3217, JERRAWANGALA NSW 2540,1
3218, JERVIS BAY ACT 2540,1
3219, KINGHORNE NSW 2540,1
3220, LONGREACH NSW 2540,1
3221, MAYFIELD NSW 2540,1
3222, MEROO MEADOW NSW 2540,1
3223, MONDAYONG NSW 2540,1
3224, MOOLLATTOO NSW 2540,1
3225, MUNDAMIA NSW 2540,1
3226, MYOLA NSW 2540,1
3227, NOWRA HILL NSW 2540,1
3228, NUMBAA NSW 2540,1
3229, OLD EROWAL BAY NSW 2540,1
3230, ORIENT POINT NSW 2540,1
3231, PARMA NSW 2540,1
3232, PYREE NSW 2540,1
3233, SANCTUARY POINT NSW 2540,1
3234, ST GEORGES BASIN NSW 2540,1
3235, SUSSEX INLET NSW 2540,1
3236, SWANHAVEN NSW 2540,1
3237, TAPITALLEE NSW 2540,1
3238, TERARA NSW 2540,1
3239, TOMERONG NSW 2540,1
3240, TULLARWALLA NSW 2540,1
3241, TWELVE MILE PEG NSW 2540,1
3242, VINCENTIA NSW 2540,1
3243, WANDANDIAN NSW 2540,1
3244, WATERSLEIGH NSW 2540,1
3245, WOLLUMBOOLA NSW 2540,1
3246, WOOLLAMIA NSW 2540,1
3247, WORRIGEE NSW 2540,1
3248, WORROWING HEIGHTS NSW 2540,1
3249, WRIGHTS BEACH NSW 2540,1
3250, YALWAL NSW 2540,1
3251, YERRIYONG NSW 2540,1
3252, BANGALEE NSW 2541,1
3253, BOMADERRY NSW 2541,1
3254, NORTH NOWRA NSW 2541,1
3255, NOWRA NSW 2541,1
3256, NOWRA EAST NSW 2541,1
3257, NOWRA NORTH NSW 2541,1
3258, SOUTH NOWRA NSW 2541,1
3259, WEST NOWRA NSW 2541,1
3260, BELOWRA NSW 2545,1
3261, BODALLA NSW 2545,1
3262, CADGEE NSW 2545,1
3263, EUROBODALLA NSW 2545,1
3264, NERRIGUNDAH NSW 2545,1
3265, POTATO POINT NSW 2545,1
3266, AKOLELE NSW 2546,1
3267, BARRAGGA BAY NSW 2546,1
3268, BERMAGUI NSW 2546,1
3269, CENTRAL TILBA NSW 2546,1
3270, CORUNNA NSW 2546,1
3271, CUTTAGEE NSW 2546,1
3272, DALMENY NSW 2546,1
3273, DIGNAMS CREEK NSW 2546,1
3274, KIANGA NSW 2546,1
3275, MYSTERY BAY NSW 2546,1
3276, NAROOMA NSW 2546,1
3277, NORTH NAROOMA NSW 2546,1
3278, TILBA TILBA NSW 2546,1
3279, TINPOT NSW 2546,1
3280, WADBILLIGA NSW 2546,1
3281, WALLAGA LAKE NSW 2546,1
3282, BERRAMBOOL NSW 2548,1
3283, MERIMBULA NSW 2548,1
3284, TURA BEACH NSW 2548,1
3285, YELLOW PINCH NSW 2548,1
3286, BALD HILLS NSW 2549,1
3287, BROADWATER NSW 2549,1
3288, GREIGS FLAT NSW 2549,1
3289, LOCHIEL NSW 2549,1
3290, MILLINGANDI NSW 2549,1
3291, NETHERCOTE NSW 2549,1
3292, PAMBULA NSW 2549,1
3293, PAMBULA BEACH NSW 2549,1
3294, SOUTH PAMBULA NSW 2549,1
3295, ANGLEDALE NSW 2550,1
3296, BEGA NSW 2550,1
3297, BEMBOKA NSW 2550,1
3298, BLACK RANGE NSW 2550,1
3299, BOURNDA NSW 2550,1
3300, BROGO NSW 2550,1
3301, BUCKAJO NSW 2550,1
3302, BUNGA NSW 2550,1
3303, BURRAGATE NSW 2550,1
3304, CANDELO NSW 2550,1
3305, CHINNOCK NSW 2550,1
3306, COBARGO NSW 2550,1
3307, COOLAGOLITE NSW 2550,1
3308, COOLANGUBRA NSW 2550,1
3309, COOPERS GULLY NSW 2550,1
3310, DEVILS HOLE NSW 2550,1
3311, DOCTOR GEORGE MOUNTAIN NSW 2550,1
3312, FROGS HOLLOW NSW 2550,1
3313, GREENDALE NSW 2550,1
3314, JELLAT JELLAT NSW 2550,1
3315, KALARU NSW 2550,1
3316, KAMERUKA NSW 2550,1
3317, KANOONA NSW 2550,1
3318, KINGSWOOD NSW 2550,1
3319, MOGAREEKA NSW 2550,1
3320, MOGILLA NSW 2550,1
3321, MORANS CROSSING NSW 2550,1
3322, MUMBULLA MOUNTAIN NSW 2550,1
3323, MURRAH NSW 2550,1
3324, MYRTLE MOUNTAIN NSW 2550,1
3325, NELSON NSW 2550,1
3326, NEW BUILDINGS NSW 2550,1
3327, NUMBUGGA NSW 2550,1
3328, PERICOE NSW 2550,1
3329, QUAAMA NSW 2550,1
3330, REEDY SWAMP NSW 2550,1
3331, ROCKY HALL NSW 2550,1
3332, SOUTH WOLUMLA NSW 2550,1
3333, STONY CREEK NSW 2550,1
3334, TANJA NSW 2550,1
3335, TANTAWANGALO NSW 2550,1
3336, TARRAGANDA NSW 2550,1
3337, TATHRA NSW 2550,1
3338, TOOTHDALE NSW 2550,1
3339, TOWAMBA NSW 2550,1
3340, VERONA NSW 2550,1
3341, WALLAGOOT NSW 2550,1
3342, WANDELLA NSW 2550,1
3343, WAPENGO NSW 2550,1
3344, WOLUMLA NSW 2550,1
3345, YAMBULLA NSW 2550,1
3346, YANKEES CREEK NSW 2550,1
3347, YOWRIE NSW 2550,1
3348, BOYDTOWN NSW 2551,1
3349, EDEN NSW 2551,1
3350, EDROM NSW 2551,1
3351, GREEN CAPE NSW 2551,1
3352, KIAH NSW 2551,1
3353, NADGEE NSW 2551,1
3354, NARRABARBA NSW 2551,1
3355, NULLICA NSW 2551,1
3356, NUNGATTA NSW 2551,1
3357, TIMBILLICA NSW 2551,1
3358, WONBOYN NSW 2551,1
3359, WONBOYN LAKE NSW 2551,1
3360, WONBOYN NORTH NSW 2551,1
3361, BADGERYS CREEK NSW 2555,1
3362, BRINGELLY NSW 2556,1
3363, CATHERINE FIELD NSW 2557,1
3364, ROSSMORE NSW 2557,1
3365, EAGLE VALE NSW 2558,1
3366, ESCHOL PARK NSW 2558,1
3367, KEARNS NSW 2558,1
3368, BLAIRMOUNT NSW 2559,1
3369, CLAYMORE NSW 2559,1
3370, AIRDS NSW 2560,1
3371, AMBARVALE NSW 2560,1
3372, APPIN NSW 2560,1
3373, BLAIR ATHOL NSW 2560,1
3374, BRADBURY NSW 2560,1
3375, CAMPBELLTOWN NSW 2560,1
3376, CAMPBELLTOWN NORTH NSW 2560,1
3377, CATARACT NSW 2560,1
3378, ENGLORIE PARK NSW 2560,1
3379, GILEAD NSW 2560,1
3380, GLEN ALPINE NSW 2560,1
3381, KENTLYN NSW 2560,1
3382, LEUMEAH NSW 2560,1
3383, MACARTHUR SQUARE NSW 2560,1
3384, ROSEMEADOW NSW 2560,1
3385, RUSE NSW 2560,1
3386, ST HELENS PARK NSW 2560,1
3387, WEDDERBURN NSW 2560,1
3388, WOODBINE NSW 2560,1
